{
    "ground_truth": [
        {
            "twist": {
                "twist": {
                    "linear": {
                        "y": -0.0170504494109,
                        "x": -0.00352496185293,
                        "z": 0.00651932746477
                    },
                    "angular": {
                        "y": 0.0140542260164,
                        "x": -0.0140088069904,
                        "z": 0.00447168987952
                    }
                },
                "covariance": [
                    0.0001,
                    0.0,
                    0.0,
                    0.0,
                    0.0,
                    0.0,
                    0.0,
                    0.0001,
                    0.0,
                    0.0,
                    0.0,
                    0.0,
                    0.0,
                    0.0,
                    0.0001,
                    0.0,
                    0.0,
                    0.0,
                    0.0,
                    0.0,
                    0.0,
                    0.0001,
                    0.0,
                    0.0,
                    0.0,
                    0.0,
                    0.0,
                    0.0,
                    0.0001,
                    0.0,
                    0.0,
                    0.0,
                    0.0,
                    0.0,
                    0.0,
                    0.0001
                ]
            },
            "header": {
                "stamp": {
                    "secs": 123,
                    "nsecs": 39000000
                },
                "frame_id": "map",
                "seq": 4012
            },
            "pose": {
                "pose": {
                    "position": {
                        "y": 0.242320683717,
                        "x": -13.450802984,
                        "z": 0.00000000000
                    },
                    "orientation": {
                        "y": 0.00121678201484,
                        "x": 0.00120667511039,
                        "z": 0.704185623125,
                        "w": -0.710013853076
                    }
                },
                "covariance": [
                    0.0001,
                    0.0,
                    0.0,
                    0.0,
                    0.0,
                    0.0,
                    0.0,
                    0.0001,
                    0.0,
                    0.0,
                    0.0,
                    0.0,
                    0.0,
                    0.0,
                    0.0001,
                    0.0,
                    0.0,
                    0.0,
                    0.0,
                    0.0,
                    0.0,
                    0.0001,
                    0.0,
                    0.0,
                    0.0,
                    0.0,
                    0.0,
                    0.0,
                    0.0001,
                    0.0,
                    0.0,
                    0.0,
                    0.0,
                    0.0,
                    0.0,
                    0.0001
                ]
            },
            "child_frame_id": ""
        }
    ],
    "robot": [
        {
            "header": {
                "stamp": {
                    "secs": 123,
                    "nsecs": 110000000
                },
                "frame_id": "/map",
                "seq": 1219
            },
            "pose": {
                "position": {
                    "y": 0.351124419831,
                    "x": -13.403404212,
                    "z": 0.000000000000
                },
                "orientation": {
                    "y": -0.000118831438336,
                    "x": 4.25640111861e-05,
                    "z": -0.712814916648,
                    "w": 0.701352178774
                }
            }
        }
    ]
}
