{
    "ground_truth": [
        {
            "twist": {
                "twist": {
                    "linear": {
                        "y": -0.00924481252532,
                        "x": -0.00999762646051,
                        "z": -0.0153989213473
                    },
                    "angular": {
                        "y": -0.00880270190334,
                        "x": 0.00730206518586,
                        "z": 0.00244035233132
                    }
                },
                "covariance": [
                    0.0001,
                    0.0,
                    0.0,
                    0.0,
                    0.0,
                    0.0,
                    0.0,
                    0.0001,
                    0.0,
                    0.0,
                    0.0,
                    0.0,
                    0.0,
                    0.0,
                    0.0001,
                    0.0,
                    0.0,
                    0.0,
                    0.0,
                    0.0,
                    0.0,
                    0.0001,
                    0.0,
                    0.0,
                    0.0,
                    0.0,
                    0.0,
                    0.0,
                    0.0001,
                    0.0,
                    0.0,
                    0.0,
                    0.0,
                    0.0,
                    0.0,
                    0.0001
                ]
            },
            "header": {
                "stamp": {
                    "secs": 198,
                    "nsecs": 819000000
                },
                "frame_id": "map",
                "seq": 11590
            },
            "pose": {
                "pose": {
                    "position": {
                        "y": -3.25974928443,
                        "x": -15.2594196039,
                        "z": -0.000000000000
                    },
                    "orientation": {
                        "y": -0.00116778243463,
                        "x": 0.00119488201214,
                        "z": 0.715695544904,
                        "w": 0.698410406241
                    }
                },
                "covariance": [
                    0.0001,
                    0.0,
                    0.0,
                    0.0,
                    0.0,
                    0.0,
                    0.0,
                    0.0001,
                    0.0,
                    0.0,
                    0.0,
                    0.0,
                    0.0,
                    0.0,
                    0.0001,
                    0.0,
                    0.0,
                    0.0,
                    0.0,
                    0.0,
                    0.0,
                    0.0001,
                    0.0,
                    0.0,
                    0.0,
                    0.0,
                    0.0,
                    0.0,
                    0.0001,
                    0.0,
                    0.0,
                    0.0,
                    0.0,
                    0.0,
                    0.0,
                    0.0001
                ]
            },
            "child_frame_id": ""
        }
    ],
    "robot": [
        {
            "header": {
                "stamp": {
                    "secs": 198,
                    "nsecs": 814000000
                },
                "frame_id": "/map",
                "seq": 1976
            },
            "pose": {
                "position": {
                    "y": -3.06514325537,
                    "x": -15.2262580092,
                    "z": 0.00000000000000
                },
                "orientation": {
                    "y": -0.000132366138212,
                    "x": 0.000130275135875,
                    "z": 0.710732896352,
                    "w": 0.703461950322
                }
            }
        }
    ]
}
