{
    "ground_truth": [
        {
            "twist": {
                "twist": {
                    "linear": {
                        "y": -0.00556141490688,
                        "x": -0.00399802500891,
                        "z": 0.00745031790186
                    },
                    "angular": {
                        "y": -0.00240717346029,
                        "x": 0.00354414780787,
                        "z": 0.00141372323085
                    }
                },
                "covariance": [
                    0.0001,
                    0.0,
                    0.0,
                    0.0,
                    0.0,
                    0.0,
                    0.0,
                    0.0001,
                    0.0,
                    0.0,
                    0.0,
                    0.0,
                    0.0,
                    0.0,
                    0.0001,
                    0.0,
                    0.0,
                    0.0,
                    0.0,
                    0.0,
                    0.0,
                    0.0001,
                    0.0,
                    0.0,
                    0.0,
                    0.0,
                    0.0,
                    0.0,
                    0.0001,
                    0.0,
                    0.0,
                    0.0,
                    0.0,
                    0.0,
                    0.0,
                    0.0001
                ]
            },
            "header": {
                "stamp": {
                    "secs": 96,
                    "nsecs": 346000000
                },
                "frame_id": "map",
                "seq": 9626
            },
            "pose": {
                "pose": {
                    "position": {
                        "y": -3.13114756006,
                        "x": -16.0103054325,
                        "z": 0.00000000000
                    },
                    "orientation": {
                        "y": 0.00116812322722,
                        "x": -0.00119662019431,
                        "z": -0.716182653843,
                        "w": -0.697910889672
                    }
                },
                "covariance": [
                    0.0001,
                    0.0,
                    0.0,
                    0.0,
                    0.0,
                    0.0,
                    0.0,
                    0.0001,
                    0.0,
                    0.0,
                    0.0,
                    0.0,
                    0.0,
                    0.0,
                    0.0001,
                    0.0,
                    0.0,
                    0.0,
                    0.0,
                    0.0,
                    0.0,
                    0.0001,
                    0.0,
                    0.0,
                    0.0,
                    0.0,
                    0.0,
                    0.0,
                    0.0001,
                    0.0,
                    0.0,
                    0.0,
                    0.0,
                    0.0,
                    0.0,
                    0.0001
                ]
            },
            "child_frame_id": ""
        }
    ],
    "robot": [
        {
            "header": {
                "stamp": {
                    "secs": 96,
                    "nsecs": 405000000
                },
                "frame_id": "/map",
                "seq": 952
            },
            "pose": {
                "position": {
                    "y": -2.90049839754,
                    "x": -15.9988882938,
                    "z": 0.00000000000
                },
                "orientation": {
                    "y": -0.000107612871436,
                    "x": 9.4175081772e-05,
                    "z": 0.705990387965,
                    "w": 0.708221400165
                }
            }
        }
    ]
}
