{
    "ground_truth": [
        {
            "twist": {
                "twist": {
                    "linear": {
                        "y": 0.0169545305006,
                        "x": 0.00925693538131,
                        "z": 0.0123314079689
                    },
                    "angular": {
                        "y": 0.00101770275492,
                        "x": 0.0245598743794,
                        "z": 0.00653269174603
                    }
                },
                "covariance": [
                    0.0001,
                    0.0,
                    0.0,
                    0.0,
                    0.0,
                    0.0,
                    0.0,
                    0.0001,
                    0.0,
                    0.0,
                    0.0,
                    0.0,
                    0.0,
                    0.0,
                    0.0001,
                    0.0,
                    0.0,
                    0.0,
                    0.0,
                    0.0,
                    0.0,
                    0.0001,
                    0.0,
                    0.0,
                    0.0,
                    0.0,
                    0.0,
                    0.0,
                    0.0001,
                    0.0,
                    0.0,
                    0.0,
                    0.0,
                    0.0,
                    0.0,
                    0.0001
                ]
            },
            "header": {
                "stamp": {
                    "secs": 89,
                    "nsecs": 687000000
                },
                "frame_id": "map",
                "seq": 8960
            },
            "pose": {
                "pose": {
                    "position": {
                        "y": -3.30697616958,
                        "x": -15.0812280608,
                        "z": -0.000000000000
                    },
                    "orientation": {
                        "y": -0.00119643774935,
                        "x": 0.00116364900762,
                        "z": 0.698810054973,
                        "w": 0.715305334473
                    }
                },
                "covariance": [
                    0.0001,
                    0.0,
                    0.0,
                    0.0,
                    0.0,
                    0.0,
                    0.0,
                    0.0001,
                    0.0,
                    0.0,
                    0.0,
                    0.0,
                    0.0,
                    0.0,
                    0.0001,
                    0.0,
                    0.0,
                    0.0,
                    0.0,
                    0.0,
                    0.0,
                    0.0001,
                    0.0,
                    0.0,
                    0.0,
                    0.0,
                    0.0,
                    0.0,
                    0.0001,
                    0.0,
                    0.0,
                    0.0,
                    0.0,
                    0.0,
                    0.0,
                    0.0001
                ]
            },
            "child_frame_id": ""
        }
    ],
    "robot": [
        {
            "header": {
                "stamp": {
                    "secs": 89,
                    "nsecs": 702000000
                },
                "frame_id": "/map",
                "seq": 885
            },
            "pose": {
                "position": {
                    "y": -3.11583819027,
                    "x": -15.0233450884,
                    "z": -0.000000000000
                },
                "orientation": {
                    "y": -0.000213728012908,
                    "x": 8.52640601539e-05,
                    "z": 0.686065697834,
                    "w": 0.727539555836
                }
            }
        }
    ]
}
