{
    "ground_truth": [
        {
            "twist": {
                "twist": {
                    "linear": {
                        "y": -0.0087427850844,
                        "x": 0.0200702851097,
                        "z": 0.00551377387447
                    },
                    "angular": {
                        "y": -0.0182376378884,
                        "x": -0.0107175225654,
                        "z": -0.00690943829662
                    }
                },
                "covariance": [
                    0.0001,
                    0.0,
                    0.0,
                    0.0,
                    0.0,
                    0.0,
                    0.0,
                    0.0001,
                    0.0,
                    0.0,
                    0.0,
                    0.0,
                    0.0,
                    0.0,
                    0.0001,
                    0.0,
                    0.0,
                    0.0,
                    0.0,
                    0.0,
                    0.0,
                    0.0001,
                    0.0,
                    0.0,
                    0.0,
                    0.0,
                    0.0,
                    0.0,
                    0.0001,
                    0.0,
                    0.0,
                    0.0,
                    0.0,
                    0.0,
                    0.0,
                    0.0001
                ]
            },
            "header": {
                "stamp": {
                    "secs": 261,
                    "nsecs": 579000000
                },
                "frame_id": "map",
                "seq": 17866
            },
            "pose": {
                "pose": {
                    "position": {
                        "y": -4.56430401477,
                        "x": -13.2295924614,
                        "z": 0.0000000000000
                    },
                    "orientation": {
                        "y": 0.00175526725627,
                        "x": 5.98249797457e-05,
                        "z": 0.0298852267511,
                        "w": -0.999551793896
                    }
                },
                "covariance": [
                    0.0001,
                    0.0,
                    0.0,
                    0.0,
                    0.0,
                    0.0,
                    0.0,
                    0.0001,
                    0.0,
                    0.0,
                    0.0,
                    0.0,
                    0.0,
                    0.0,
                    0.0001,
                    0.0,
                    0.0,
                    0.0,
                    0.0,
                    0.0,
                    0.0,
                    0.0001,
                    0.0,
                    0.0,
                    0.0,
                    0.0,
                    0.0,
                    0.0,
                    0.0001,
                    0.0,
                    0.0,
                    0.0,
                    0.0,
                    0.0,
                    0.0,
                    0.0001
                ]
            },
            "child_frame_id": ""
        }
    ],
    "robot": [
        {
            "header": {
                "stamp": {
                    "secs": 261,
                    "nsecs": 610000000
                },
                "frame_id": "/map",
                "seq": 2604
            },
            "pose": {
                "position": {
                    "y": -4.35596133657,
                    "x": -13.2787036686,
                    "z": 0.000000000000
                },
                "orientation": {
                    "y": 0.000281450370266,
                    "x": -0.000679278134408,
                    "z": -0.0426916582563,
                    "w": 0.999088024992
                }
            }
        }
    ]
}
