{
    "ground_truth": [
        {
            "twist": {
                "twist": {
                    "linear": {
                        "y": -0.000180254553784,
                        "x": -0.00366588257252,
                        "z": -0.0150568878817
                    },
                    "angular": {
                        "y": -0.0239033130551,
                        "x": 0.00988828481724,
                        "z": 0.00393645397936
                    }
                },
                "covariance": [
                    0.0001,
                    0.0,
                    0.0,
                    0.0,
                    0.0,
                    0.0,
                    0.0,
                    0.0001,
                    0.0,
                    0.0,
                    0.0,
                    0.0,
                    0.0,
                    0.0,
                    0.0001,
                    0.0,
                    0.0,
                    0.0,
                    0.0,
                    0.0,
                    0.0,
                    0.0001,
                    0.0,
                    0.0,
                    0.0,
                    0.0,
                    0.0,
                    0.0,
                    0.0001,
                    0.0,
                    0.0,
                    0.0,
                    0.0,
                    0.0,
                    0.0,
                    0.0001
                ]
            },
            "header": {
                "stamp": {
                    "secs": 310,
                    "nsecs": 339000000
                },
                "frame_id": "map",
                "seq": 22742
            },
            "pose": {
                "pose": {
                    "position": {
                        "y": -5.44579217603,
                        "x": -13.2919307406,
                        "z": 0.0000000000000
                    },
                    "orientation": {
                        "y": -0.00147741383025,
                        "x": 0.000783928731687,
                        "z": 0.469693164252,
                        "w": 0.882828145314
                    }
                },
                "covariance": [
                    0.0001,
                    0.0,
                    0.0,
                    0.0,
                    0.0,
                    0.0,
                    0.0,
                    0.0001,
                    0.0,
                    0.0,
                    0.0,
                    0.0,
                    0.0,
                    0.0,
                    0.0001,
                    0.0,
                    0.0,
                    0.0,
                    0.0,
                    0.0,
                    0.0,
                    0.0001,
                    0.0,
                    0.0,
                    0.0,
                    0.0,
                    0.0,
                    0.0,
                    0.0001,
                    0.0,
                    0.0,
                    0.0,
                    0.0,
                    0.0,
                    0.0,
                    0.0001
                ]
            },
            "child_frame_id": ""
        }
    ],
    "robot": [
        {
            "header": {
                "stamp": {
                    "secs": 310,
                    "nsecs": 410000000
                },
                "frame_id": "/map",
                "seq": 3092
            },
            "pose": {
                "position": {
                    "y": -5.26327875848,
                    "x": -13.3585461149,
                    "z": 0.0000000000000
                },
                "orientation": {
                    "y": -0.000154015027613,
                    "x": -0.000475594623083,
                    "z": 0.464435318918,
                    "w": 0.885606901865
                }
            }
        }
    ]
}
