{
    "ground_truth": [
        {
            "twist": {
                "twist": {
                    "linear": {
                        "y": -0.00264612854974,
                        "x": -0.0131488155676,
                        "z": -0.0204542006686
                    },
                    "angular": {
                        "y": 0.0163046442905,
                        "x": 0.00574701857188,
                        "z": 0.00149751976741
                    }
                },
                "covariance": [
                    0.0001,
                    0.0,
                    0.0,
                    0.0,
                    0.0,
                    0.0,
                    0.0,
                    0.0001,
                    0.0,
                    0.0,
                    0.0,
                    0.0,
                    0.0,
                    0.0,
                    0.0001,
                    0.0,
                    0.0,
                    0.0,
                    0.0,
                    0.0,
                    0.0,
                    0.0001,
                    0.0,
                    0.0,
                    0.0,
                    0.0,
                    0.0,
                    0.0,
                    0.0001,
                    0.0,
                    0.0,
                    0.0,
                    0.0,
                    0.0,
                    0.0,
                    0.0001
                ]
            },
            "header": {
                "stamp": {
                    "secs": 354,
                    "nsecs": 179000000
                },
                "frame_id": "map",
                "seq": 27126
            },
            "pose": {
                "pose": {
                    "position": {
                        "y": -5.92266004179,
                        "x": -12.2912214517,
                        "z": 0.0000000000000
                    },
                    "orientation": {
                        "y": -0.000725309911213,
                        "x": 0.00150773288701,
                        "z": 0.901664070414,
                        "w": 0.432433931129
                    }
                },
                "covariance": [
                    0.0001,
                    0.0,
                    0.0,
                    0.0,
                    0.0,
                    0.0,
                    0.0,
                    0.0001,
                    0.0,
                    0.0,
                    0.0,
                    0.0,
                    0.0,
                    0.0,
                    0.0001,
                    0.0,
                    0.0,
                    0.0,
                    0.0,
                    0.0,
                    0.0,
                    0.0001,
                    0.0,
                    0.0,
                    0.0,
                    0.0,
                    0.0,
                    0.0,
                    0.0001,
                    0.0,
                    0.0,
                    0.0,
                    0.0,
                    0.0,
                    0.0,
                    0.0001
                ]
            },
            "child_frame_id": ""
        }
    ],
    "robot": [
        {
            "header": {
                "stamp": {
                    "secs": 354,
                    "nsecs": 210000000
                },
                "frame_id": "/map",
                "seq": 3530
            },
            "pose": {
                "position": {
                    "y": -5.71963194205,
                    "x": -12.3612245927,
                    "z": 0.0000000000000
                },
                "orientation": {
                    "y": -0.000419663034983,
                    "x": 4.52936763638e-06,
                    "z": 0.901793839008,
                    "w": 0.432166282569
                }
            }
        }
    ]
}
