{
    "ground_truth": [
        {
            "twist": {
                "twist": {
                    "linear": {
                        "y": 0.00467717590636, 
                        "x": 0.0162415413439, 
                        "z": 0.00290539013282
                    }, 
                    "angular": {
                        "y": 0.00604774911603, 
                        "x": -0.00990417158649, 
                        "z": -0.00588642665831
                    }
                }, 
                "covariance": [
                    0.0001, 
                    0.0, 
                    0.0, 
                    0.0, 
                    0.0, 
                    0.0, 
                    0.0, 
                    0.0001, 
                    0.0, 
                    0.0, 
                    0.0, 
                    0.0, 
                    0.0, 
                    0.0, 
                    0.0001, 
                    0.0, 
                    0.0, 
                    0.0, 
                    0.0, 
                    0.0, 
                    0.0, 
                    0.0001, 
                    0.0, 
                    0.0, 
                    0.0, 
                    0.0, 
                    0.0, 
                    0.0, 
                    0.0001, 
                    0.0, 
                    0.0, 
                    0.0, 
                    0.0, 
                    0.0, 
                    0.0, 
                    0.0001
                ]
            }, 
            "header": {
                "stamp": {
                    "secs": 425, 
                    "nsecs": 309000000
                }, 
                "frame_id": "map", 
                "seq": 34239
            }, 
            "pose": {
                "pose": {
                    "position": {
                        "y": -7.14949663367, 
                        "x": -9.81801024981, 
                        "z": -0.00099128645519
                    }, 
                    "orientation": {
                        "y": 0.00101464216813, 
                        "x": -0.00132778332849, 
                        "z": -0.795110668702, 
                        "w": -0.606462061475
                    }
                }, 
                "covariance": [
                    0.0001, 
                    0.0, 
                    0.0, 
                    0.0, 
                    0.0, 
                    0.0, 
                    0.0, 
                    0.0001, 
                    0.0, 
                    0.0, 
                    0.0, 
                    0.0, 
                    0.0, 
                    0.0, 
                    0.0001, 
                    0.0, 
                    0.0, 
                    0.0, 
                    0.0, 
                    0.0, 
                    0.0, 
                    0.0001, 
                    0.0, 
                    0.0, 
                    0.0, 
                    0.0, 
                    0.0, 
                    0.0, 
                    0.0001, 
                    0.0, 
                    0.0, 
                    0.0, 
                    0.0, 
                    0.0, 
                    0.0, 
                    0.0001
                ]
            }, 
            "child_frame_id": ""
        }
    ], 
    "robot": [
        {
            "header": {
                "stamp": {
                    "secs": 425, 
                    "nsecs": 310000000
                }, 
                "frame_id": "/map", 
                "seq": 4241
            }, 
            "pose": {
                "position": {
                    "y": -6.9865164285, 
                    "x": -9.9481894589, 
                    "z": -0.000612587277173
                }, 
                "orientation": {
                    "y": 0.000222870775402, 
                    "x": 9.92405301649e-05, 
                    "z": 0.790524685362, 
                    "w": 0.612430128516
                }
            }
        }
    ]
}