{
    "ground_truth": [
        {
            "twist": {
                "twist": {
                    "linear": {
                        "y": 0.00654956302069, 
                        "x": -8.90308352429e-05, 
                        "z": 0.00335938842244
                    }, 
                    "angular": {
                        "y": -0.00981576358671, 
                        "x": -0.0193569222942, 
                        "z": 0.0164094799305
                    }
                }, 
                "covariance": [
                    0.0001, 
                    0.0, 
                    0.0, 
                    0.0, 
                    0.0, 
                    0.0, 
                    0.0, 
                    0.0001, 
                    0.0, 
                    0.0, 
                    0.0, 
                    0.0, 
                    0.0, 
                    0.0, 
                    0.0001, 
                    0.0, 
                    0.0, 
                    0.0, 
                    0.0, 
                    0.0, 
                    0.0, 
                    0.0001, 
                    0.0, 
                    0.0, 
                    0.0, 
                    0.0, 
                    0.0, 
                    0.0, 
                    0.0001, 
                    0.0, 
                    0.0, 
                    0.0, 
                    0.0, 
                    0.0, 
                    0.0, 
                    0.0001
                ]
            }, 
            "header": {
                "stamp": {
                    "secs": 491, 
                    "nsecs": 980000000
                }, 
                "frame_id": "map", 
                "seq": 49197
            }, 
            "pose": {
                "pose": {
                    "position": {
                        "y": 0.817177797062, 
                        "x": -11.4132674402, 
                        "z": -0.000991604426917
                    }, 
                    "orientation": {
                        "y": -0.00117983722397, 
                        "x": -0.00118236335012, 
                        "z": -0.70664565053, 
                        "w": 0.707565639774
                    }
                }, 
                "covariance": [
                    0.0001, 
                    0.0, 
                    0.0, 
                    0.0, 
                    0.0, 
                    0.0, 
                    0.0, 
                    0.0001, 
                    0.0, 
                    0.0, 
                    0.0, 
                    0.0, 
                    0.0, 
                    0.0, 
                    0.0001, 
                    0.0, 
                    0.0, 
                    0.0, 
                    0.0, 
                    0.0, 
                    0.0, 
                    0.0001, 
                    0.0, 
                    0.0, 
                    0.0, 
                    0.0, 
                    0.0, 
                    0.0, 
                    0.0001, 
                    0.0, 
                    0.0, 
                    0.0, 
                    0.0, 
                    0.0, 
                    0.0, 
                    0.0001
                ]
            }, 
            "child_frame_id": ""
        }
    ], 
    "robot": [
        {
            "header": {
                "stamp": {
                    "secs": 492, 
                    "nsecs": 2000000
                }, 
                "frame_id": "/map", 
                "seq": 4908
            }, 
            "pose": {
                "position": {
                    "y": 0.994978411623, 
                    "x": -11.4450662009, 
                    "z": -0.000567112966293
                }, 
                "orientation": {
                    "y": 7.132171996e-06, 
                    "x": -1.3379934678e-05, 
                    "z": -0.711527523616, 
                    "w": 0.702658226243
                }
            }
        }
    ]
}