{
    "ground_truth": [
        {
            "twist": {
                "twist": {
                    "linear": {
                        "y": 0.00375201179715, 
                        "x": -0.00356368032587, 
                        "z": 0.00918054340396
                    }, 
                    "angular": {
                        "y": -0.0156041990062, 
                        "x": -0.0334161432637, 
                        "z": -0.010805882572
                    }
                }, 
                "covariance": [
                    0.0001, 
                    0.0, 
                    0.0, 
                    0.0, 
                    0.0, 
                    0.0, 
                    0.0, 
                    0.0001, 
                    0.0, 
                    0.0, 
                    0.0, 
                    0.0, 
                    0.0, 
                    0.0, 
                    0.0001, 
                    0.0, 
                    0.0, 
                    0.0, 
                    0.0, 
                    0.0, 
                    0.0, 
                    0.0001, 
                    0.0, 
                    0.0, 
                    0.0, 
                    0.0, 
                    0.0, 
                    0.0, 
                    0.0001, 
                    0.0, 
                    0.0, 
                    0.0, 
                    0.0, 
                    0.0, 
                    0.0, 
                    0.0001
                ]
            }, 
            "header": {
                "stamp": {
                    "secs": 476, 
                    "nsecs": 309000000
                }, 
                "frame_id": "map", 
                "seq": 39339
            }, 
            "pose": {
                "pose": {
                    "position": {
                        "y": 0.992994957121, 
                        "x": -11.4194143791, 
                        "z": -0.00100018625252
                    }, 
                    "orientation": {
                        "y": -0.00118480341708, 
                        "x": -0.00117438864289, 
                        "z": -0.703550454146, 
                        "w": 0.710643353253
                    }
                }, 
                "covariance": [
                    0.0001, 
                    0.0, 
                    0.0, 
                    0.0, 
                    0.0, 
                    0.0, 
                    0.0, 
                    0.0001, 
                    0.0, 
                    0.0, 
                    0.0, 
                    0.0, 
                    0.0, 
                    0.0, 
                    0.0001, 
                    0.0, 
                    0.0, 
                    0.0, 
                    0.0, 
                    0.0, 
                    0.0, 
                    0.0001, 
                    0.0, 
                    0.0, 
                    0.0, 
                    0.0, 
                    0.0, 
                    0.0, 
                    0.0001, 
                    0.0, 
                    0.0, 
                    0.0, 
                    0.0, 
                    0.0, 
                    0.0, 
                    0.0001
                ]
            }, 
            "child_frame_id": ""
        }
    ], 
    "robot": [
        {
            "header": {
                "stamp": {
                    "secs": 476, 
                    "nsecs": 311000000
                }, 
                "frame_id": "/map", 
                "seq": 4751
            }, 
            "pose": {
                "position": {
                    "y": 1.17025701376, 
                    "x": -11.4488339042, 
                    "z": -0.00115401247008
                }, 
                "orientation": {
                    "y": -0.0005219225487, 
                    "x": 0.000821956485687, 
                    "z": -0.708059966518, 
                    "w": 0.706151637964
                }
            }
        }
    ]
}