{
    "ground_truth": [
        {
            "twist": {
                "twist": {
                    "linear": {
                        "y": 0.00221375181089, 
                        "x": -0.00892009395464, 
                        "z": -0.00653239954762
                    }, 
                    "angular": {
                        "y": -0.000302705107188, 
                        "x": 0.0224189771776, 
                        "z": 0.0171919634475
                    }
                }, 
                "covariance": [
                    0.0001, 
                    0.0, 
                    0.0, 
                    0.0, 
                    0.0, 
                    0.0, 
                    0.0, 
                    0.0001, 
                    0.0, 
                    0.0, 
                    0.0, 
                    0.0, 
                    0.0, 
                    0.0, 
                    0.0001, 
                    0.0, 
                    0.0, 
                    0.0, 
                    0.0, 
                    0.0, 
                    0.0, 
                    0.0001, 
                    0.0, 
                    0.0, 
                    0.0, 
                    0.0, 
                    0.0, 
                    0.0, 
                    0.0001, 
                    0.0, 
                    0.0, 
                    0.0, 
                    0.0, 
                    0.0, 
                    0.0, 
                    0.0001
                ]
            }, 
            "header": {
                "stamp": {
                    "secs": 596, 
                    "nsecs": 9000000
                }, 
                "frame_id": "map", 
                "seq": 51309
            }, 
            "pose": {
                "pose": {
                    "position": {
                        "y": -0.71160858577, 
                        "x": -9.82759948089, 
                        "z": -0.000990749627975
                    }, 
                    "orientation": {
                        "y": -0.00120328212674, 
                        "x": 0.00115910621254, 
                        "z": 0.694892130079, 
                        "w": 0.719112046999
                    }
                }, 
                "covariance": [
                    0.0001, 
                    0.0, 
                    0.0, 
                    0.0, 
                    0.0, 
                    0.0, 
                    0.0, 
                    0.0001, 
                    0.0, 
                    0.0, 
                    0.0, 
                    0.0, 
                    0.0, 
                    0.0, 
                    0.0001, 
                    0.0, 
                    0.0, 
                    0.0, 
                    0.0, 
                    0.0, 
                    0.0, 
                    0.0001, 
                    0.0, 
                    0.0, 
                    0.0, 
                    0.0, 
                    0.0, 
                    0.0, 
                    0.0001, 
                    0.0, 
                    0.0, 
                    0.0, 
                    0.0, 
                    0.0, 
                    0.0, 
                    0.0001
                ]
            }, 
            "child_frame_id": ""
        }
    ], 
    "robot": [
        {
            "header": {
                "stamp": {
                    "secs": 596, 
                    "nsecs": 10000000
                }, 
                "frame_id": "/map", 
                "seq": 5948
            }, 
            "pose": {
                "position": {
                    "y": -0.602151649832, 
                    "x": -9.88835034899, 
                    "z": -0.00120120311315
                }, 
                "orientation": {
                    "y": 0.000106677694562, 
                    "x": -0.000159442891129, 
                    "z": 0.691981057231, 
                    "w": 0.721915631934
                }
            }
        }
    ]
}