{
    "ground_truth": [
        {
            "twist": {
                "twist": {
                    "linear": {
                        "y": -0.012574543714, 
                        "x": 0.00474061406324, 
                        "z": -0.0257447012293
                    }, 
                    "angular": {
                        "y": 0.0124787716326, 
                        "x": -0.00206709901107, 
                        "z": 0.00628319323176
                    }
                }, 
                "covariance": [
                    0.0001, 
                    0.0, 
                    0.0, 
                    0.0, 
                    0.0, 
                    0.0, 
                    0.0, 
                    0.0001, 
                    0.0, 
                    0.0, 
                    0.0, 
                    0.0, 
                    0.0, 
                    0.0, 
                    0.0001, 
                    0.0, 
                    0.0, 
                    0.0, 
                    0.0, 
                    0.0, 
                    0.0, 
                    0.0001, 
                    0.0, 
                    0.0, 
                    0.0, 
                    0.0, 
                    0.0, 
                    0.0, 
                    0.0001, 
                    0.0, 
                    0.0, 
                    0.0, 
                    0.0, 
                    0.0, 
                    0.0, 
                    0.0001
                ]
            }, 
            "header": {
                "stamp": {
                    "secs": 24, 
                    "nsecs": 60000000
                }, 
                "frame_id": "map", 
                "seq": 2396
            }, 
            "pose": {
                "pose": {
                    "position": {
                        "y": 1.20747025003, 
                        "x": -10.5487638441, 
                        "z": -0.00101203265525
                    }, 
                    "orientation": {
                        "y": 1.85386817893e-05, 
                        "x": -0.00166738521867, 
                        "z": -0.999942813704, 
                        "w": -0.0105635602442
                    }
                }, 
                "covariance": [
                    0.0001, 
                    0.0, 
                    0.0, 
                    0.0, 
                    0.0, 
                    0.0, 
                    0.0, 
                    0.0001, 
                    0.0, 
                    0.0, 
                    0.0, 
                    0.0, 
                    0.0, 
                    0.0, 
                    0.0001, 
                    0.0, 
                    0.0, 
                    0.0, 
                    0.0, 
                    0.0, 
                    0.0, 
                    0.0001, 
                    0.0, 
                    0.0, 
                    0.0, 
                    0.0, 
                    0.0, 
                    0.0, 
                    0.0001, 
                    0.0, 
                    0.0, 
                    0.0, 
                    0.0, 
                    0.0, 
                    0.0, 
                    0.0001
                ]
            }, 
            "child_frame_id": ""
        }
    ], 
    "robot": [
        {
            "header": {
                "stamp": {
                    "secs": 24, 
                    "nsecs": 101000000
                }, 
                "frame_id": "/map", 
                "seq": 229
            }, 
            "pose": {
                "position": {
                    "y": 1.33288933091, 
                    "x": -10.5759253169, 
                    "z": -0.000116706512874
                }, 
                "orientation": {
                    "y": 4.38726178184e-06, 
                    "x": -0.000170595172973, 
                    "z": 0.999843938338, 
                    "w": 0.0176654987762
                }
            }
        }
    ]
}