{
    "ground_truth": [
        {
            "twist": {
                "twist": {
                    "linear": {
                        "y": 0.00489655336344, 
                        "x": -0.00239275246725, 
                        "z": -0.00743539518949
                    }, 
                    "angular": {
                        "y": -0.00838162790735, 
                        "x": -0.0174734042632, 
                        "z": 0.00210895293523
                    }
                }, 
                "covariance": [
                    0.0001, 
                    0.0, 
                    0.0, 
                    0.0, 
                    0.0, 
                    0.0, 
                    0.0, 
                    0.0001, 
                    0.0, 
                    0.0, 
                    0.0, 
                    0.0, 
                    0.0, 
                    0.0, 
                    0.0001, 
                    0.0, 
                    0.0, 
                    0.0, 
                    0.0, 
                    0.0, 
                    0.0, 
                    0.0001, 
                    0.0, 
                    0.0, 
                    0.0, 
                    0.0, 
                    0.0, 
                    0.0, 
                    0.0001, 
                    0.0, 
                    0.0, 
                    0.0, 
                    0.0, 
                    0.0, 
                    0.0, 
                    0.0001
                ]
            }, 
            "header": {
                "stamp": {
                    "secs": 1091, 
                    "nsecs": 279000000
                }, 
                "frame_id": "map", 
                "seq": 100836
            }, 
            "pose": {
                "pose": {
                    "position": {
                        "y": 7.0402877046, 
                        "x": 3.97254723049, 
                        "z": -0.000990763484513
                    }, 
                    "orientation": {
                        "y": -0.00119751206493, 
                        "x": -0.00116435040843, 
                        "z": -0.695999375794, 
                        "w": 0.71804044395
                    }
                }, 
                "covariance": [
                    0.0001, 
                    0.0, 
                    0.0, 
                    0.0, 
                    0.0, 
                    0.0, 
                    0.0, 
                    0.0001, 
                    0.0, 
                    0.0, 
                    0.0, 
                    0.0, 
                    0.0, 
                    0.0, 
                    0.0001, 
                    0.0, 
                    0.0, 
                    0.0, 
                    0.0, 
                    0.0, 
                    0.0, 
                    0.0001, 
                    0.0, 
                    0.0, 
                    0.0, 
                    0.0, 
                    0.0, 
                    0.0, 
                    0.0001, 
                    0.0, 
                    0.0, 
                    0.0, 
                    0.0, 
                    0.0, 
                    0.0, 
                    0.0001
                ]
            }, 
            "child_frame_id": ""
        }
    ], 
    "robot": [
        {
            "header": {
                "stamp": {
                    "secs": 1091, 
                    "nsecs": 310000000
                }, 
                "frame_id": "/map", 
                "seq": 10901
            }, 
            "pose": {
                "position": {
                    "y": 6.79669372934, 
                    "x": 4.0713838289, 
                    "z": -0.000301669476051
                }, 
                "orientation": {
                    "y": -0.000227558934212, 
                    "x": 3.83266626604e-06, 
                    "z": -0.706870842082, 
                    "w": 0.707342604978
                }
            }
        }
    ]
}
