{
    "ground_truth": [
        {
            "twist": {
                "twist": {
                    "linear": {
                        "y": -0.0178294877843, 
                        "x": -0.0152171286633, 
                        "z": -0.0168805598488
                    }, 
                    "angular": {
                        "y": -0.0121839102843, 
                        "x": -0.00644818278597, 
                        "z": 0.00474852308217
                    }
                }, 
                "covariance": [
                    0.0001, 
                    0.0, 
                    0.0, 
                    0.0, 
                    0.0, 
                    0.0, 
                    0.0, 
                    0.0001, 
                    0.0, 
                    0.0, 
                    0.0, 
                    0.0, 
                    0.0, 
                    0.0, 
                    0.0001, 
                    0.0, 
                    0.0, 
                    0.0, 
                    0.0, 
                    0.0, 
                    0.0, 
                    0.0001, 
                    0.0, 
                    0.0, 
                    0.0, 
                    0.0, 
                    0.0, 
                    0.0, 
                    0.0001, 
                    0.0, 
                    0.0, 
                    0.0, 
                    0.0, 
                    0.0, 
                    0.0, 
                    0.0001
                ]
            }, 
            "header": {
                "stamp": {
                    "secs": 437, 
                    "nsecs": 962000000
                }, 
                "frame_id": "map", 
                "seq": 43789
            }, 
            "pose": {
                "pose": {
                    "position": {
                        "y": 5.57726456037, 
                        "x": 6.41773413927, 
                        "z": -0.00100386081209
                    }, 
                    "orientation": {
                        "y": -0.00132578801546, 
                        "x": -0.00140121876539, 
                        "z": -0.724274258873, 
                        "w": 0.689509301465
                    }
                }, 
                "covariance": [
                    0.0001, 
                    0.0, 
                    0.0, 
                    0.0, 
                    0.0, 
                    0.0, 
                    0.0, 
                    0.0001, 
                    0.0, 
                    0.0, 
                    0.0, 
                    0.0, 
                    0.0, 
                    0.0, 
                    0.0001, 
                    0.0, 
                    0.0, 
                    0.0, 
                    0.0, 
                    0.0, 
                    0.0, 
                    0.0001, 
                    0.0, 
                    0.0, 
                    0.0, 
                    0.0, 
                    0.0, 
                    0.0, 
                    0.0001, 
                    0.0, 
                    0.0, 
                    0.0, 
                    0.0, 
                    0.0, 
                    0.0, 
                    0.0001
                ]
            }, 
            "child_frame_id": ""
        }
    ], 
    "robot": [
        {
            "header": {
                "stamp": {
                    "secs": 438, 
                    "nsecs": 9000000
                }, 
                "frame_id": "/map", 
                "seq": 4368
            }, 
            "pose": {
                "position": {
                    "y": 5.34895075549, 
                    "x": 6.55043671157, 
                    "z": -0.000835715136971
                }, 
                "orientation": {
                    "y": -0.000212382319658, 
                    "x": -0.000348751255841, 
                    "z": -0.724065025539, 
                    "w": 0.689731594214
                }
            }
        }
    ]
}