{
    "ground_truth": [
        {
            "twist": {
                "twist": {
                    "linear": {
                        "y": -0.00276532437783,
                        "x": 0.00346037878653,
                        "z": 0.0100163565104
                    },
                    "angular": {
                        "y": 0.00886965171393,
                        "x": 0.0106657895052,
                        "z": -0.0184437637796
                    }
                },
                "covariance": [
                    0.0001,
                    0.0,
                    0.0,
                    0.0,
                    0.0,
                    0.0,
                    0.0,
                    0.0001,
                    0.0,
                    0.0,
                    0.0,
                    0.0,
                    0.0,
                    0.0,
                    0.0001,
                    0.0,
                    0.0,
                    0.0,
                    0.0,
                    0.0,
                    0.0,
                    0.0001,
                    0.0,
                    0.0,
                    0.0,
                    0.0,
                    0.0,
                    0.0,
                    0.0001,
                    0.0,
                    0.0,
                    0.0,
                    0.0,
                    0.0,
                    0.0,
                    0.0001
                ]
            },
            "header": {
                "stamp": {
                    "secs": 1117,
                    "nsecs": 109000000
                },
                "frame_id": "map",
                "seq": 103419
            },
            "pose": {
                "pose": {
                    "position": {
                        "y": 4.61592353724,
                        "x": 6.37642521572,
                        "z": 0.0000000000000
                    },
                    "orientation": {
                        "y": -2.40083292958e-05,
                        "x": -0.00166818938756,
                        "z": -0.99986106421,
                        "w": 0.0165851995764
                    }
                },
                "covariance": [
                    0.0001,
                    0.0,
                    0.0,
                    0.0,
                    0.0,
                    0.0,
                    0.0,
                    0.0001,
                    0.0,
                    0.0,
                    0.0,
                    0.0,
                    0.0,
                    0.0,
                    0.0001,
                    0.0,
                    0.0,
                    0.0,
                    0.0,
                    0.0,
                    0.0,
                    0.0001,
                    0.0,
                    0.0,
                    0.0,
                    0.0,
                    0.0,
                    0.0,
                    0.0001,
                    0.0,
                    0.0,
                    0.0,
                    0.0,
                    0.0,
                    0.0,
                    0.0001
                ]
            },
            "child_frame_id": ""
        }
    ],
    "robot": [
        {
            "header": {
                "stamp": {
                    "secs": 1117,
                    "nsecs": 110000000
                },
                "frame_id": "/map",
                "seq": 11159
            },
            "pose": {
                "position": {
                    "y": 4.42684221395,
                    "x": 6.46991294238,
                    "z": 0.0000000000000
                },
                "orientation": {
                    "y": 0.000105896330019,
                    "x": -0.000288950219962,
                    "z": 0.999937835441,
                    "w": -0.0111458758092
                }
            }
        }
    ]
}
