{
    "ground_truth": [
        {
            "twist": {
                "twist": {
                    "linear": {
                        "y": 0.00348282136347,
                        "x": -0.00114598856842,
                        "z": -0.0142119272676
                    },
                    "angular": {
                        "y": -0.0123691208964,
                        "x": -0.0273268071111,
                        "z": -0.00222748042727
                    }
                },
                "covariance": [
                    0.0001,
                    0.0,
                    0.0,
                    0.0,
                    0.0,
                    0.0,
                    0.0,
                    0.0001,
                    0.0,
                    0.0,
                    0.0,
                    0.0,
                    0.0,
                    0.0,
                    0.0001,
                    0.0,
                    0.0,
                    0.0,
                    0.0,
                    0.0,
                    0.0,
                    0.0001,
                    0.0,
                    0.0,
                    0.0,
                    0.0,
                    0.0,
                    0.0,
                    0.0001,
                    0.0,
                    0.0,
                    0.0,
                    0.0,
                    0.0,
                    0.0,
                    0.0001
                ]
            },
            "header": {
                "stamp": {
                    "secs": 1182,
                    "nsecs": 639000000
                },
                "frame_id": "map",
                "seq": 109972
            },
            "pose": {
                "pose": {
                    "position": {
                        "y": 4.42644655804,
                        "x": 3.90120106841,
                        "z": 0.0000000000000
                    },
                    "orientation": {
                        "y": -0.00121359150283,
                        "x": -0.00114814350133,
                        "z": -0.685517075039,
                        "w": 0.72805463311
                    }
                },
                "covariance": [
                    0.0001,
                    0.0,
                    0.0,
                    0.0,
                    0.0,
                    0.0,
                    0.0,
                    0.0001,
                    0.0,
                    0.0,
                    0.0,
                    0.0,
                    0.0,
                    0.0,
                    0.0001,
                    0.0,
                    0.0,
                    0.0,
                    0.0,
                    0.0,
                    0.0,
                    0.0001,
                    0.0,
                    0.0,
                    0.0,
                    0.0,
                    0.0,
                    0.0,
                    0.0001,
                    0.0,
                    0.0,
                    0.0,
                    0.0,
                    0.0,
                    0.0,
                    0.0001
                ]
            },
            "child_frame_id": ""
        }
    ],
    "robot": [
        {
            "header": {
                "stamp": {
                    "secs": 1182,
                    "nsecs": 610000000
                },
                "frame_id": "/map",
                "seq": 11814
            },
            "pose": {
                "position": {
                    "y": 4.30627357074,
                    "x": 3.92239509102,
                    "z": 0.0000000000000
                },
                "orientation": {
                    "y": 0.000173184549303,
                    "x": 0.000275031644766,
                    "z": -0.693687575173,
                    "w": 0.720275948797
                }
            }
        }
    ]
}
