{
    "ground_truth": [
        {
            "twist": {
                "twist": {
                    "linear": {
                        "y": -0.00466974736568, 
                        "x": -0.0157869123033, 
                        "z": -0.0134747151151
                    }, 
                    "angular": {
                        "y": -0.00833117752797, 
                        "x": -0.0160176045376, 
                        "z": 0.000874784497457
                    }
                }, 
                "covariance": [
                    0.0001, 
                    0.0, 
                    0.0, 
                    0.0, 
                    0.0, 
                    0.0, 
                    0.0, 
                    0.0001, 
                    0.0, 
                    0.0, 
                    0.0, 
                    0.0, 
                    0.0, 
                    0.0, 
                    0.0001, 
                    0.0, 
                    0.0, 
                    0.0, 
                    0.0, 
                    0.0, 
                    0.0, 
                    0.0001, 
                    0.0, 
                    0.0, 
                    0.0, 
                    0.0, 
                    0.0, 
                    0.0, 
                    0.0001, 
                    0.0, 
                    0.0, 
                    0.0, 
                    0.0, 
                    0.0, 
                    0.0, 
                    0.0001
                ]
            }, 
            "header": {
                "stamp": {
                    "secs": 82, 
                    "nsecs": 752000000
                }, 
                "frame_id": "map", 
                "seq": 8268
            }, 
            "pose": {
                "pose": {
                    "position": {
                        "y": 4.4771145255, 
                        "x": 4.42975190676, 
                        "z": -0.000991414310727
                    }, 
                    "orientation": {
                        "y": -0.00158138403985, 
                        "x": -0.000542907799066, 
                        "z": -0.323425573788, 
                        "w": 0.946252134843
                    }
                }, 
                "covariance": [
                    0.0001, 
                    0.0, 
                    0.0, 
                    0.0, 
                    0.0, 
                    0.0, 
                    0.0, 
                    0.0001, 
                    0.0, 
                    0.0, 
                    0.0, 
                    0.0, 
                    0.0, 
                    0.0, 
                    0.0001, 
                    0.0, 
                    0.0, 
                    0.0, 
                    0.0, 
                    0.0, 
                    0.0, 
                    0.0001, 
                    0.0, 
                    0.0, 
                    0.0, 
                    0.0, 
                    0.0, 
                    0.0, 
                    0.0001, 
                    0.0, 
                    0.0, 
                    0.0, 
                    0.0, 
                    0.0, 
                    0.0, 
                    0.0001
                ]
            }, 
            "child_frame_id": ""
        }
    ], 
    "robot": [
        {
            "header": {
                "stamp": {
                    "secs": 82, 
                    "nsecs": 806000000
                }, 
                "frame_id": "/map", 
                "seq": 816
            }, 
            "pose": {
                "position": {
                    "y": 4.35996567126, 
                    "x": 4.47368127683, 
                    "z": -0.000959439399397
                }, 
                "orientation": {
                    "y": -9.48650621842e-05, 
                    "x": -0.000778704355905, 
                    "z": -0.335792593786, 
                    "w": 0.941935623373
                }
            }
        }
    ]
}