{
    "ground_truth": [
        {
            "twist": {
                "twist": {
                    "linear": {
                        "y": 0.0101308101494, 
                        "x": 0.012261876859, 
                        "z": -0.0141568866113
                    }, 
                    "angular": {
                        "y": 0.0130526345193, 
                        "x": 0.00258844785483, 
                        "z": -0.00713899148077
                    }
                }, 
                "covariance": [
                    0.0001, 
                    0.0, 
                    0.0, 
                    0.0, 
                    0.0, 
                    0.0, 
                    0.0, 
                    0.0001, 
                    0.0, 
                    0.0, 
                    0.0, 
                    0.0, 
                    0.0, 
                    0.0, 
                    0.0001, 
                    0.0, 
                    0.0, 
                    0.0, 
                    0.0, 
                    0.0, 
                    0.0, 
                    0.0001, 
                    0.0, 
                    0.0, 
                    0.0, 
                    0.0, 
                    0.0, 
                    0.0, 
                    0.0001, 
                    0.0, 
                    0.0, 
                    0.0, 
                    0.0, 
                    0.0, 
                    0.0, 
                    0.0001
                ]
            }, 
            "header": {
                "stamp": {
                    "secs": 1275, 
                    "nsecs": 839000000
                }, 
                "frame_id": "map", 
                "seq": 119292
            }, 
            "pose": {
                "pose": {
                    "position": {
                        "y": 1.63477609727, 
                        "x": 6.38571166888, 
                        "z": -0.000990827561401
                    }, 
                    "orientation": {
                        "y": -4.73670444704e-05, 
                        "x": 0.00167041852665, 
                        "z": 0.999602135093, 
                        "w": 0.0281563310015
                    }
                }, 
                "covariance": [
                    0.0001, 
                    0.0, 
                    0.0, 
                    0.0, 
                    0.0, 
                    0.0, 
                    0.0, 
                    0.0001, 
                    0.0, 
                    0.0, 
                    0.0, 
                    0.0, 
                    0.0, 
                    0.0, 
                    0.0001, 
                    0.0, 
                    0.0, 
                    0.0, 
                    0.0, 
                    0.0, 
                    0.0, 
                    0.0001, 
                    0.0, 
                    0.0, 
                    0.0, 
                    0.0, 
                    0.0, 
                    0.0, 
                    0.0001, 
                    0.0, 
                    0.0, 
                    0.0, 
                    0.0, 
                    0.0, 
                    0.0, 
                    0.0001
                ]
            }, 
            "child_frame_id": ""
        }
    ], 
    "robot": [
        {
            "header": {
                "stamp": {
                    "secs": 1275, 
                    "nsecs": 811000000
                }, 
                "frame_id": "/map", 
                "seq": 12746
            }, 
            "pose": {
                "position": {
                    "y": 1.50795438666, 
                    "x": 6.29847078726, 
                    "z": -4.59029893705e-05
                }, 
                "orientation": {
                    "y": 6.14359375051e-06, 
                    "x": 0.000233865050642, 
                    "z": 0.999140456881, 
                    "w": 0.0414522941932
                }
            }
        }
    ]
}