{
    "ground_truth": [
        {
            "twist": {
                "twist": {
                    "linear": {
                        "y": 0.00872976584118, 
                        "x": 0.00573377246132, 
                        "z": -0.00347233121022
                    }, 
                    "angular": {
                        "y": 0.0222052307772, 
                        "x": -0.000343636637125, 
                        "z": 0.00907458168605
                    }
                }, 
                "covariance": [
                    0.0001, 
                    0.0, 
                    0.0, 
                    0.0, 
                    0.0, 
                    0.0, 
                    0.0, 
                    0.0001, 
                    0.0, 
                    0.0, 
                    0.0, 
                    0.0, 
                    0.0, 
                    0.0, 
                    0.0001, 
                    0.0, 
                    0.0, 
                    0.0, 
                    0.0, 
                    0.0, 
                    0.0, 
                    0.0001, 
                    0.0, 
                    0.0, 
                    0.0, 
                    0.0, 
                    0.0, 
                    0.0, 
                    0.0001, 
                    0.0, 
                    0.0, 
                    0.0, 
                    0.0, 
                    0.0, 
                    0.0, 
                    0.0001
                ]
            }, 
            "header": {
                "stamp": {
                    "secs": 62, 
                    "nsecs": 630000000
                }, 
                "frame_id": "map", 
                "seq": 6262
            }, 
            "pose": {
                "pose": {
                    "position": {
                        "y": 1.63703592531, 
                        "x": 6.30407354268, 
                        "z": -0.000996397339113
                    }, 
                    "orientation": {
                        "y": 1.12096130487e-05, 
                        "x": 0.0017354272417, 
                        "z": 0.999933358401, 
                        "w": -0.0114134536332
                    }
                }, 
                "covariance": [
                    0.0001, 
                    0.0, 
                    0.0, 
                    0.0, 
                    0.0, 
                    0.0, 
                    0.0, 
                    0.0001, 
                    0.0, 
                    0.0, 
                    0.0, 
                    0.0, 
                    0.0, 
                    0.0, 
                    0.0001, 
                    0.0, 
                    0.0, 
                    0.0, 
                    0.0, 
                    0.0, 
                    0.0, 
                    0.0001, 
                    0.0, 
                    0.0, 
                    0.0, 
                    0.0, 
                    0.0, 
                    0.0, 
                    0.0001, 
                    0.0, 
                    0.0, 
                    0.0, 
                    0.0, 
                    0.0, 
                    0.0, 
                    0.0001
                ]
            }, 
            "child_frame_id": ""
        }
    ], 
    "robot": [
        {
            "header": {
                "stamp": {
                    "secs": 62, 
                    "nsecs": 715000000
                }, 
                "frame_id": "/map", 
                "seq": 614
            }, 
            "pose": {
                "position": {
                    "y": 1.51233998401, 
                    "x": 6.21780557815, 
                    "z": -0.000273279873939
                }, 
                "orientation": {
                    "y": 0.0001346259953, 
                    "x": 7.31297262541e-05, 
                    "z": 0.999998326372, 
                    "w": 0.00182312422896
                }
            }
        }
    ]
}