{
    "ground_truth": [
        {
            "twist": {
                "twist": {
                    "linear": {
                        "y": 0.0219896677434,
                        "x": 0.00443569066699,
                        "z": -0.0194789213409
                    },
                    "angular": {
                        "y": 0.0232336259541,
                        "x": -0.0175207730388,
                        "z": 0.00857281133914
                    }
                },
                "covariance": [
                    0.0001,
                    0.0,
                    0.0,
                    0.0,
                    0.0,
                    0.0,
                    0.0,
                    0.0001,
                    0.0,
                    0.0,
                    0.0,
                    0.0,
                    0.0,
                    0.0,
                    0.0001,
                    0.0,
                    0.0,
                    0.0,
                    0.0,
                    0.0,
                    0.0,
                    0.0001,
                    0.0,
                    0.0,
                    0.0,
                    0.0,
                    0.0,
                    0.0,
                    0.0001,
                    0.0,
                    0.0,
                    0.0,
                    0.0,
                    0.0,
                    0.0,
                    0.0001
                ]
            },
            "header": {
                "stamp": {
                    "secs": 1310,
                    "nsecs": 719000000
                },
                "frame_id": "map",
                "seq": 122780
            },
            "pose": {
                "pose": {
                    "position": {
                        "y": 0.400822224178,
                        "x": 6.32931967514,
                        "z": 0.0000000000000
                    },
                    "orientation": {
                        "y": 6.64398908492e-06,
                        "x": -0.00167202224033,
                        "z": -0.99999749392,
                        "w": -0.00148877482959
                    }
                },
                "covariance": [
                    0.0001,
                    0.0,
                    0.0,
                    0.0,
                    0.0,
                    0.0,
                    0.0,
                    0.0001,
                    0.0,
                    0.0,
                    0.0,
                    0.0,
                    0.0,
                    0.0,
                    0.0001,
                    0.0,
                    0.0,
                    0.0,
                    0.0,
                    0.0,
                    0.0,
                    0.0001,
                    0.0,
                    0.0,
                    0.0,
                    0.0,
                    0.0,
                    0.0,
                    0.0001,
                    0.0,
                    0.0,
                    0.0,
                    0.0,
                    0.0,
                    0.0,
                    0.0001
                ]
            },
            "child_frame_id": ""
        }
    ],
    "robot": [
        {
            "header": {
                "stamp": {
                    "secs": 1310,
                    "nsecs": 710000000
                },
                "frame_id": "/map",
                "seq": 13095
            },
            "pose": {
                "position": {
                    "y": 0.276443731824,
                    "x": 6.19089731989,
                    "z": 0.0000000000000
                },
                "orientation": {
                    "y": 7.87601788998e-05,
                    "x": 1.90418899037e-05,
                    "z": 0.999984262514,
                    "w": 0.00560964866082
                }
            }
        }
    ]
}
