{
    "ground_truth": [
        {
            "twist": {
                "twist": {
                    "linear": {
                        "y": 0.00855097709766, 
                        "x": 0.000428051059775, 
                        "z": -0.0304266067367
                    }, 
                    "angular": {
                        "y": 0.00988207307574, 
                        "x": -0.0114392710701, 
                        "z": 0.0125693543914
                    }
                }, 
                "covariance": [
                    0.0001, 
                    0.0, 
                    0.0, 
                    0.0, 
                    0.0, 
                    0.0, 
                    0.0, 
                    0.0001, 
                    0.0, 
                    0.0, 
                    0.0, 
                    0.0, 
                    0.0, 
                    0.0, 
                    0.0001, 
                    0.0, 
                    0.0, 
                    0.0, 
                    0.0, 
                    0.0, 
                    0.0, 
                    0.0001, 
                    0.0, 
                    0.0, 
                    0.0, 
                    0.0, 
                    0.0, 
                    0.0, 
                    0.0001, 
                    0.0, 
                    0.0, 
                    0.0, 
                    0.0, 
                    0.0, 
                    0.0, 
                    0.0001
                ]
            }, 
            "header": {
                "stamp": {
                    "secs": 1410, 
                    "nsecs": 709000000
                }, 
                "frame_id": "map", 
                "seq": 132779
            }, 
            "pose": {
                "pose": {
                    "position": {
                        "y": -4.36415646277, 
                        "x": 6.50238027308, 
                        "z": -0.00100894064364
                    }, 
                    "orientation": {
                        "y": -0.0016670093726, 
                        "x": 3.02123768923e-05, 
                        "z": 0.0185978752049, 
                        "w": 0.999825654404
                    }
                }, 
                "covariance": [
                    0.0001, 
                    0.0, 
                    0.0, 
                    0.0, 
                    0.0, 
                    0.0, 
                    0.0, 
                    0.0001, 
                    0.0, 
                    0.0, 
                    0.0, 
                    0.0, 
                    0.0, 
                    0.0, 
                    0.0001, 
                    0.0, 
                    0.0, 
                    0.0, 
                    0.0, 
                    0.0, 
                    0.0, 
                    0.0001, 
                    0.0, 
                    0.0, 
                    0.0, 
                    0.0, 
                    0.0, 
                    0.0, 
                    0.0001, 
                    0.0, 
                    0.0, 
                    0.0, 
                    0.0, 
                    0.0, 
                    0.0, 
                    0.0001
                ]
            }, 
            "child_frame_id": ""
        }
    ], 
    "robot": [
        {
            "header": {
                "stamp": {
                    "secs": 1410, 
                    "nsecs": 710000000
                }, 
                "frame_id": "/map", 
                "seq": 14095
            }, 
            "pose": {
                "position": {
                    "y": -4.5598249744, 
                    "x": 6.3420849942, 
                    "z": -0.000741251437129
                }, 
                "orientation": {
                    "y": -0.000135655960255, 
                    "x": 7.60692898507e-05, 
                    "z": 0.00613130702865, 
                    "w": 0.999981191266
                }
            }
        }
    ]
}