{
    "ground_truth": [
        {
            "twist": {
                "twist": {
                    "linear": {
                        "y": 0.0102487696399,
                        "x": -0.0253805005471,
                        "z": -0.0143563102856
                    },
                    "angular": {
                        "y": 0.00104707862515,
                        "x": 0.0252394820786,
                        "z": -0.0105105278745
                    }
                },
                "covariance": [
                    0.0001,
                    0.0,
                    0.0,
                    0.0,
                    0.0,
                    0.0,
                    0.0,
                    0.0001,
                    0.0,
                    0.0,
                    0.0,
                    0.0,
                    0.0,
                    0.0,
                    0.0001,
                    0.0,
                    0.0,
                    0.0,
                    0.0,
                    0.0,
                    0.0,
                    0.0001,
                    0.0,
                    0.0,
                    0.0,
                    0.0,
                    0.0,
                    0.0,
                    0.0001,
                    0.0,
                    0.0,
                    0.0,
                    0.0,
                    0.0,
                    0.0,
                    0.0001
                ]
            },
            "header": {
                "stamp": {
                    "secs": 1449,
                    "nsecs": 709000000
                },
                "frame_id": "map",
                "seq": 136679
            },
            "pose": {
                "pose": {
                    "position": {
                        "y": -7.01158471965,
                        "x": 11.2465481405,
                        "z": 0.0000000000000
                    },
                    "orientation": {
                        "y": -0.00119152622439,
                        "x": 0.00117189413588,
                        "z": 0.702122940242,
                        "w": 0.712053778668
                    }
                },
                "covariance": [
                    0.0001,
                    0.0,
                    0.0,
                    0.0,
                    0.0,
                    0.0,
                    0.0,
                    0.0001,
                    0.0,
                    0.0,
                    0.0,
                    0.0,
                    0.0,
                    0.0,
                    0.0001,
                    0.0,
                    0.0,
                    0.0,
                    0.0,
                    0.0,
                    0.0,
                    0.0001,
                    0.0,
                    0.0,
                    0.0,
                    0.0,
                    0.0,
                    0.0,
                    0.0001,
                    0.0,
                    0.0,
                    0.0,
                    0.0,
                    0.0,
                    0.0,
                    0.0001
                ]
            },
            "child_frame_id": ""
        }
    ],
    "robot": [
        {
            "header": {
                "stamp": {
                    "secs": 1449,
                    "nsecs": 710000000
                },
                "frame_id": "/map",
                "seq": 14485
            },
            "pose": {
                "position": {
                    "y": -7.32767942918,
                    "x": 11.0735404616,
                    "z": 0.0000000000000
                },
                "orientation": {
                    "y": 0.000127867897808,
                    "x": -0.000137195368844,
                    "z": 0.692915613312,
                    "w": 0.721018666649
                }
            }
        }
    ]
}
