{
    "ground_truth": [
        {
            "twist": {
                "twist": {
                    "linear": {
                        "y": 0.0172749221264, 
                        "x": -0.0136559624937, 
                        "z": -0.0236583403533
                    }, 
                    "angular": {
                        "y": 0.0168832561965, 
                        "x": -0.00134281113086, 
                        "z": 0.000489125491218
                    }
                }, 
                "covariance": [
                    0.0001, 
                    0.0, 
                    0.0, 
                    0.0, 
                    0.0, 
                    0.0, 
                    0.0, 
                    0.0001, 
                    0.0, 
                    0.0, 
                    0.0, 
                    0.0, 
                    0.0, 
                    0.0, 
                    0.0001, 
                    0.0, 
                    0.0, 
                    0.0, 
                    0.0, 
                    0.0, 
                    0.0, 
                    0.0001, 
                    0.0, 
                    0.0, 
                    0.0, 
                    0.0, 
                    0.0, 
                    0.0, 
                    0.0001, 
                    0.0, 
                    0.0, 
                    0.0, 
                    0.0, 
                    0.0, 
                    0.0, 
                    0.0001
                ]
            }, 
            "header": {
                "stamp": {
                    "secs": 1501, 
                    "nsecs": 769000000
                }, 
                "frame_id": "map", 
                "seq": 141885
            }, 
            "pose": {
                "pose": {
                    "position": {
                        "y": -3.99664563067, 
                        "x": 15.7371414354, 
                        "z": -0.00100890654233
                    }, 
                    "orientation": {
                        "y": -2.3481042625e-05, 
                        "x": -0.0016675097099, 
                        "z": -0.999886742706, 
                        "w": 0.0149572932078
                    }
                }, 
                "covariance": [
                    0.0001, 
                    0.0, 
                    0.0, 
                    0.0, 
                    0.0, 
                    0.0, 
                    0.0, 
                    0.0001, 
                    0.0, 
                    0.0, 
                    0.0, 
                    0.0, 
                    0.0, 
                    0.0, 
                    0.0001, 
                    0.0, 
                    0.0, 
                    0.0, 
                    0.0, 
                    0.0, 
                    0.0, 
                    0.0001, 
                    0.0, 
                    0.0, 
                    0.0, 
                    0.0, 
                    0.0, 
                    0.0, 
                    0.0001, 
                    0.0, 
                    0.0, 
                    0.0, 
                    0.0, 
                    0.0, 
                    0.0, 
                    0.0001
                ]
            }, 
            "child_frame_id": ""
        }
    ], 
    "robot": [
        {
            "header": {
                "stamp": {
                    "secs": 1501, 
                    "nsecs": 811000000
                }, 
                "frame_id": "/map", 
                "seq": 15006
            }, 
            "pose": {
                "position": {
                    "y": -4.43508085927, 
                    "x": 15.5703326954, 
                    "z": -0.00111618224836
                }, 
                "orientation": {
                    "y": -0.000135706080011, 
                    "x": 8.72610863699e-06, 
                    "z": 0.999999952615, 
                    "w": -0.000276184749155
                }
            }
        }
    ]
}