{
    "ground_truth": [
        {
            "twist": {
                "twist": {
                    "linear": {
                        "y": -0.00625700730988, 
                        "x": 0.00191135750835, 
                        "z": 0.0202584845535
                    }, 
                    "angular": {
                        "y": -0.0183718109561, 
                        "x": 0.0140447869716, 
                        "z": 0.020128162137
                    }
                }, 
                "covariance": [
                    0.0001, 
                    0.0, 
                    0.0, 
                    0.0, 
                    0.0, 
                    0.0, 
                    0.0, 
                    0.0001, 
                    0.0, 
                    0.0, 
                    0.0, 
                    0.0, 
                    0.0, 
                    0.0, 
                    0.0001, 
                    0.0, 
                    0.0, 
                    0.0, 
                    0.0, 
                    0.0, 
                    0.0, 
                    0.0001, 
                    0.0, 
                    0.0, 
                    0.0, 
                    0.0, 
                    0.0, 
                    0.0, 
                    0.0001, 
                    0.0, 
                    0.0, 
                    0.0, 
                    0.0, 
                    0.0, 
                    0.0, 
                    0.0001
                ]
            }, 
            "header": {
                "stamp": {
                    "secs": 433, 
                    "nsecs": 672000000
                }, 
                "frame_id": "map", 
                "seq": 41988
            }, 
            "pose": {
                "pose": {
                    "position": {
                        "y": 10.5965016462, 
                        "x": 19.3524013664, 
                        "z": -0.000998598477539
                    }, 
                    "orientation": {
                        "y": 0.00168047519122, 
                        "x": -0.000607342329685, 
                        "z": -0.34186521764, 
                        "w": -0.939747295876
                    }
                }, 
                "covariance": [
                    0.0001, 
                    0.0, 
                    0.0, 
                    0.0, 
                    0.0, 
                    0.0, 
                    0.0, 
                    0.0001, 
                    0.0, 
                    0.0, 
                    0.0, 
                    0.0, 
                    0.0, 
                    0.0, 
                    0.0001, 
                    0.0, 
                    0.0, 
                    0.0, 
                    0.0, 
                    0.0, 
                    0.0, 
                    0.0001, 
                    0.0, 
                    0.0, 
                    0.0, 
                    0.0, 
                    0.0, 
                    0.0, 
                    0.0001, 
                    0.0, 
                    0.0, 
                    0.0, 
                    0.0, 
                    0.0, 
                    0.0, 
                    0.0001
                ]
            }, 
            "child_frame_id": ""
        }
    ], 
    "robot": [
        {
            "header": {
                "stamp": {
                    "secs": 433, 
                    "nsecs": 711000000
                }, 
                "frame_id": "/map", 
                "seq": 4325
            }, 
            "pose": {
                "position": {
                    "y": 9.95557398375, 
                    "x": 19.4610974807, 
                    "z": -0.000530922422997
                }, 
                "orientation": {
                    "y": -0.0002081542969, 
                    "x": 0.00117487740592, 
                    "z": 0.335290763562, 
                    "w": 0.942113942262
                }
            }
        }
    ]
}