{
    "ground_truth": [
        {
            "twist": {
                "twist": {
                    "linear": {
                        "y": 0.00797072425606,
                        "x": -0.000874428038394,
                        "z": -0.00934145296987
                    },
                    "angular": {
                        "y": -0.0179173511732,
                        "x": 0.0123925198106,
                        "z": -0.00393656408421
                    }
                },
                "covariance": [
                    0.0001,
                    0.0,
                    0.0,
                    0.0,
                    0.0,
                    0.0,
                    0.0,
                    0.0001,
                    0.0,
                    0.0,
                    0.0,
                    0.0,
                    0.0,
                    0.0,
                    0.0001,
                    0.0,
                    0.0,
                    0.0,
                    0.0,
                    0.0,
                    0.0,
                    0.0001,
                    0.0,
                    0.0,
                    0.0,
                    0.0,
                    0.0,
                    0.0,
                    0.0001,
                    0.0,
                    0.0,
                    0.0,
                    0.0,
                    0.0,
                    0.0,
                    0.0001
                ]
            },
            "header": {
                "stamp": {
                    "secs": 473,
                    "nsecs": 412000000
                },
                "frame_id": "map",
                "seq": 45962
            },
            "pose": {
                "pose": {
                    "position": {
                        "y": 13.9685434109,
                        "x": 18.92183004,
                        "z": -0.000995698577535
                    },
                    "orientation": {
                        "y": -0.00168421912094,
                        "x": 1.60574171634e-05,
                        "z": 0.0124999589148,
                        "w": 0.999920453924
                    }
                },
                "covariance": [
                    0.0001,
                    0.0,
                    0.0,
                    0.0,
                    0.0,
                    0.0,
                    0.0,
                    0.0001,
                    0.0,
                    0.0,
                    0.0,
                    0.0,
                    0.0,
                    0.0,
                    0.0001,
                    0.0,
                    0.0,
                    0.0,
                    0.0,
                    0.0,
                    0.0,
                    0.0001,
                    0.0,
                    0.0,
                    0.0,
                    0.0,
                    0.0,
                    0.0,
                    0.0001,
                    0.0,
                    0.0,
                    0.0,
                    0.0,
                    0.0,
                    0.0,
                    0.0001
                ]
            },
            "child_frame_id": ""
        }
    ],
    "robot": [
        {
            "header": {
                "stamp": {
                    "secs": 473,
                    "nsecs": 411000000
                },
                "frame_id": "/map",
                "seq": 4722
            },
            "pose": {
                "position": {
                    "y": 13.3585604168,
                    "x": 19.0767612885,
                    "z": 0.0000000000000
                },
                "orientation": {
                    "y": -0.00016096682456,
                    "x": -0.00012406110363,
                    "z": 0.00398895870549,
                    "w": 0.999992023422
                }
            }
        }
    ]
}
