{
    "ground_truth": [
        {
            "twist": {
                "twist": {
                    "linear": {
                        "y": -0.0099437305084,
                        "x": -0.0107149551424,
                        "z": -0.0208137146947
                    },
                    "angular": {
                        "y": -0.00564197656171,
                        "x": -0.0280281589683,
                        "z": 0.0101746520665
                    }
                },
                "covariance": [
                    0.0001,
                    0.0,
                    0.0,
                    0.0,
                    0.0,
                    0.0,
                    0.0,
                    0.0001,
                    0.0,
                    0.0,
                    0.0,
                    0.0,
                    0.0,
                    0.0,
                    0.0001,
                    0.0,
                    0.0,
                    0.0,
                    0.0,
                    0.0,
                    0.0,
                    0.0001,
                    0.0,
                    0.0,
                    0.0,
                    0.0,
                    0.0,
                    0.0,
                    0.0001,
                    0.0,
                    0.0,
                    0.0,
                    0.0,
                    0.0,
                    0.0,
                    0.0001
                ]
            },
            "header": {
                "stamp": {
                    "secs": 491,
                    "nsecs": 162000000
                },
                "frame_id": "map",
                "seq": 47737
            },
            "pose": {
                "pose": {
                    "position": {
                        "y": 17.5543029516,
                        "x": 18.9720481126,
                        "z": 0.0000000000000
                    },
                    "orientation": {
                        "y": -0.00220692560921,
                        "x": -0.000502068200771,
                        "z": -0.216756521051,
                        "w": 0.976223072862
                    }
                },
                "covariance": [
                    0.0001,
                    0.0,
                    0.0,
                    0.0,
                    0.0,
                    0.0,
                    0.0,
                    0.0001,
                    0.0,
                    0.0,
                    0.0,
                    0.0,
                    0.0,
                    0.0,
                    0.0001,
                    0.0,
                    0.0,
                    0.0,
                    0.0,
                    0.0,
                    0.0,
                    0.0001,
                    0.0,
                    0.0,
                    0.0,
                    0.0,
                    0.0,
                    0.0,
                    0.0001,
                    0.0,
                    0.0,
                    0.0,
                    0.0,
                    0.0,
                    0.0,
                    0.0001
                ]
            },
            "child_frame_id": ""
        }
    ],
    "robot": [
        {
            "header": {
                "stamp": {
                    "secs": 491,
                    "nsecs": 211000000
                },
                "frame_id": "/map",
                "seq": 4900
            },
            "pose": {
                "position": {
                    "y": 16.9684314683,
                    "x": 19.1732194482,
                    "z": 0.0000000000000
                },
                "orientation": {
                    "y": -0.000198286376503,
                    "x": -0.00118414395876,
                    "z": -0.227928624376,
                    "w": 0.973677102881
                }
            }
        }
    ]
}
