{
    "ground_truth": [
        {
            "twist": {
                "twist": {
                    "linear": {
                        "y": 0.0123425796863, 
                        "x": -0.0194425057674, 
                        "z": -0.00431974428093
                    }, 
                    "angular": {
                        "y": 0.0195148372427, 
                        "x": 0.000136737798312, 
                        "z": -0.014948872878
                    }
                }, 
                "covariance": [
                    0.0001, 
                    0.0, 
                    0.0, 
                    0.0, 
                    0.0, 
                    0.0, 
                    0.0, 
                    0.0001, 
                    0.0, 
                    0.0, 
                    0.0, 
                    0.0, 
                    0.0, 
                    0.0, 
                    0.0001, 
                    0.0, 
                    0.0, 
                    0.0, 
                    0.0, 
                    0.0, 
                    0.0, 
                    0.0001, 
                    0.0, 
                    0.0, 
                    0.0, 
                    0.0, 
                    0.0, 
                    0.0, 
                    0.0001, 
                    0.0, 
                    0.0, 
                    0.0, 
                    0.0, 
                    0.0, 
                    0.0, 
                    0.0001
                ]
            }, 
            "header": {
                "stamp": {
                    "secs": 571, 
                    "nsecs": 312000000
                }, 
                "frame_id": "map", 
                "seq": 55752
            }, 
            "pose": {
                "pose": {
                    "position": {
                        "y": 19.7189733396, 
                        "x": 18.0407721602, 
                        "z": -0.000998351600155
                    }, 
                    "orientation": {
                        "y": 2.96239937025e-05, 
                        "x": -0.00167547811566, 
                        "z": -0.999858271737, 
                        "w": -0.0167519651119
                    }
                }, 
                "covariance": [
                    0.0001, 
                    0.0, 
                    0.0, 
                    0.0, 
                    0.0, 
                    0.0, 
                    0.0, 
                    0.0001, 
                    0.0, 
                    0.0, 
                    0.0, 
                    0.0, 
                    0.0, 
                    0.0, 
                    0.0001, 
                    0.0, 
                    0.0, 
                    0.0, 
                    0.0, 
                    0.0, 
                    0.0, 
                    0.0001, 
                    0.0, 
                    0.0, 
                    0.0, 
                    0.0, 
                    0.0, 
                    0.0, 
                    0.0001, 
                    0.0, 
                    0.0, 
                    0.0, 
                    0.0, 
                    0.0, 
                    0.0, 
                    0.0001
                ]
            }, 
            "child_frame_id": ""
        }
    ], 
    "robot": [
        {
            "header": {
                "stamp": {
                    "secs": 571, 
                    "nsecs": 311000000
                }, 
                "frame_id": "/map", 
                "seq": 5701
            }, 
            "pose": {
                "position": {
                    "y": 19.0625728669, 
                    "x": 18.3164468177, 
                    "z": -0.000796367485375
                }, 
                "orientation": {
                    "y": 0.000293863958368, 
                    "x": -0.000149699304231, 
                    "z": 0.999700475478, 
                    "w": 0.0244714233937
                }
            }
        }
    ]
}