{
    "ground_truth": [
        {
            "twist": {
                "twist": {
                    "linear": {
                        "y": -0.00573285349239, 
                        "x": -0.00719355761047, 
                        "z": 0.0224692960632
                    }, 
                    "angular": {
                        "y": 0.032321147009, 
                        "x": -0.0138298823924, 
                        "z": 0.00552739188846
                    }
                }, 
                "covariance": [
                    0.0001, 
                    0.0, 
                    0.0, 
                    0.0, 
                    0.0, 
                    0.0, 
                    0.0, 
                    0.0001, 
                    0.0, 
                    0.0, 
                    0.0, 
                    0.0, 
                    0.0, 
                    0.0, 
                    0.0001, 
                    0.0, 
                    0.0, 
                    0.0, 
                    0.0, 
                    0.0, 
                    0.0, 
                    0.0001, 
                    0.0, 
                    0.0, 
                    0.0, 
                    0.0, 
                    0.0, 
                    0.0, 
                    0.0001, 
                    0.0, 
                    0.0, 
                    0.0, 
                    0.0, 
                    0.0, 
                    0.0, 
                    0.0001
                ]
            }, 
            "header": {
                "stamp": {
                    "secs": 178, 
                    "nsecs": 780000000
                }, 
                "frame_id": "map", 
                "seq": 17877
            }, 
            "pose": {
                "pose": {
                    "position": {
                        "y": 21.5873994672, 
                        "x": 18.2435692633, 
                        "z": -0.00100017861345
                    }, 
                    "orientation": {
                        "y": 3.1072540608e-06, 
                        "x": 0.00168757908513, 
                        "z": 0.999994176666, 
                        "w": -0.00296626035613
                    }
                }, 
                "covariance": [
                    0.0001, 
                    0.0, 
                    0.0, 
                    0.0, 
                    0.0, 
                    0.0, 
                    0.0, 
                    0.0001, 
                    0.0, 
                    0.0, 
                    0.0, 
                    0.0, 
                    0.0, 
                    0.0, 
                    0.0001, 
                    0.0, 
                    0.0, 
                    0.0, 
                    0.0, 
                    0.0, 
                    0.0, 
                    0.0001, 
                    0.0, 
                    0.0, 
                    0.0, 
                    0.0, 
                    0.0, 
                    0.0, 
                    0.0001, 
                    0.0, 
                    0.0, 
                    0.0, 
                    0.0, 
                    0.0, 
                    0.0, 
                    0.0001
                ]
            }, 
            "child_frame_id": ""
        }
    ], 
    "robot": [
        {
            "header": {
                "stamp": {
                    "secs": 178, 
                    "nsecs": 810000000
                }, 
                "frame_id": "/map", 
                "seq": 1776
            }, 
            "pose": {
                "position": {
                    "y": 20.881799565, 
                    "x": 18.5731478907, 
                    "z": 3.47531384222e-05
                }, 
                "orientation": {
                    "y": -1.59740840294e-05, 
                    "x": 0.00015448669069, 
                    "z": 0.999907068443, 
                    "w": 0.013631960836
                }
            }
        }
    ]
}