{
    "ground_truth": [
        {
            "twist": {
                "twist": {
                    "linear": {
                        "y": 0.00354000734889, 
                        "x": -0.00599478963423, 
                        "z": -0.015547987849
                    }, 
                    "angular": {
                        "y": 0.0268812611222, 
                        "x": -0.011727863282, 
                        "z": 0.0145870903322
                    }
                }, 
                "covariance": [
                    0.0001, 
                    0.0, 
                    0.0, 
                    0.0, 
                    0.0, 
                    0.0, 
                    0.0, 
                    0.0001, 
                    0.0, 
                    0.0, 
                    0.0, 
                    0.0, 
                    0.0, 
                    0.0, 
                    0.0001, 
                    0.0, 
                    0.0, 
                    0.0, 
                    0.0, 
                    0.0, 
                    0.0, 
                    0.0001, 
                    0.0, 
                    0.0, 
                    0.0, 
                    0.0, 
                    0.0, 
                    0.0, 
                    0.0001, 
                    0.0, 
                    0.0, 
                    0.0, 
                    0.0, 
                    0.0, 
                    0.0, 
                    0.0001
                ]
            }, 
            "header": {
                "stamp": {
                    "secs": 618, 
                    "nsecs": 362000000
                }, 
                "frame_id": "map", 
                "seq": 60457
            }, 
            "pose": {
                "pose": {
                    "position": {
                        "y": 21.6264151872, 
                        "x": 19.3558892591, 
                        "z": -0.000988509327679
                    }, 
                    "orientation": {
                        "y": 1.68153750772e-05, 
                        "x": 0.00174748053138, 
                        "z": 0.999926612699, 
                        "w": -0.011988129314
                    }
                }, 
                "covariance": [
                    0.0001, 
                    0.0, 
                    0.0, 
                    0.0, 
                    0.0, 
                    0.0, 
                    0.0, 
                    0.0001, 
                    0.0, 
                    0.0, 
                    0.0, 
                    0.0, 
                    0.0, 
                    0.0, 
                    0.0001, 
                    0.0, 
                    0.0, 
                    0.0, 
                    0.0, 
                    0.0, 
                    0.0, 
                    0.0001, 
                    0.0, 
                    0.0, 
                    0.0, 
                    0.0, 
                    0.0, 
                    0.0, 
                    0.0001, 
                    0.0, 
                    0.0, 
                    0.0, 
                    0.0, 
                    0.0, 
                    0.0, 
                    0.0001
                ]
            }, 
            "child_frame_id": ""
        }
    ], 
    "robot": [
        {
            "header": {
                "stamp": {
                    "secs": 618, 
                    "nsecs": 411000000
                }, 
                "frame_id": "/map", 
                "seq": 6172
            }, 
            "pose": {
                "position": {
                    "y": 20.8751596694, 
                    "x": 19.7158885775, 
                    "z": -0.00136486388862
                }, 
                "orientation": {
                    "y": -0.00030207462921, 
                    "x": -0.000354009645271, 
                    "z": 0.999997843179, 
                    "w": -0.00202412076709
                }
            }
        }
    ]
}