{
    "ground_truth": [
        {
            "twist": {
                "twist": {
                    "linear": {
                        "y": 0.00410597525129,
                        "x": -0.00836444871495,
                        "z": -0.0109143063025
                    },
                    "angular": {
                        "y": 0.00671677979197,
                        "x": 0.0236776147877,
                        "z": 0.000895409119305
                    }
                },
                "covariance": [
                    0.0001,
                    0.0,
                    0.0,
                    0.0,
                    0.0,
                    0.0,
                    0.0,
                    0.0001,
                    0.0,
                    0.0,
                    0.0,
                    0.0,
                    0.0,
                    0.0,
                    0.0001,
                    0.0,
                    0.0,
                    0.0,
                    0.0,
                    0.0,
                    0.0,
                    0.0001,
                    0.0,
                    0.0,
                    0.0,
                    0.0,
                    0.0,
                    0.0,
                    0.0001,
                    0.0,
                    0.0,
                    0.0,
                    0.0,
                    0.0,
                    0.0,
                    0.0001
                ]
            },
            "header": {
                "stamp": {
                    "secs": 682,
                    "nsecs": 682000000
                },
                "frame_id": "map",
                "seq": 66889
            },
            "pose": {
                "pose": {
                    "position": {
                        "y": 16.1113642867,
                        "x": 13.6661504396,
                        "z": 0.0000000000000
                    },
                    "orientation": {
                        "y": -0.00118639586997,
                        "x": 0.00117622023997,
                        "z": 0.705725575334,
                        "w": 0.708483324638
                    }
                },
                "covariance": [
                    0.0001,
                    0.0,
                    0.0,
                    0.0,
                    0.0,
                    0.0,
                    0.0,
                    0.0001,
                    0.0,
                    0.0,
                    0.0,
                    0.0,
                    0.0,
                    0.0,
                    0.0001,
                    0.0,
                    0.0,
                    0.0,
                    0.0,
                    0.0,
                    0.0,
                    0.0001,
                    0.0,
                    0.0,
                    0.0,
                    0.0,
                    0.0,
                    0.0,
                    0.0001,
                    0.0,
                    0.0,
                    0.0,
                    0.0,
                    0.0,
                    0.0,
                    0.0001
                ]
            },
            "child_frame_id": ""
        }
    ],
    "robot": [
        {
            "header": {
                "stamp": {
                    "secs": 682,
                    "nsecs": 711000000
                },
                "frame_id": "/map",
                "seq": 6815
            },
            "pose": {
                "position": {
                    "y": 15.6091396042,
                    "x": 13.9253428057,
                    "z": 0.0000000000000
                },
                "orientation": {
                    "y": 0.000220213848988,
                    "x": -0.000164449615798,
                    "z": 0.697809457565,
                    "w": 0.716283383442
                }
            }
        }
    ]
}
