{
    "ground_truth": [
        {
            "twist": {
                "twist": {
                    "linear": {
                        "y": 0.00931990273381, 
                        "x": -0.00255863266576, 
                        "z": -0.0193439273903
                    }, 
                    "angular": {
                        "y": -0.0075241992355, 
                        "x": 0.000309193026147, 
                        "z": -0.00619663546269
                    }
                }, 
                "covariance": [
                    0.0001, 
                    0.0, 
                    0.0, 
                    0.0, 
                    0.0, 
                    0.0, 
                    0.0, 
                    0.0001, 
                    0.0, 
                    0.0, 
                    0.0, 
                    0.0, 
                    0.0, 
                    0.0, 
                    0.0001, 
                    0.0, 
                    0.0, 
                    0.0, 
                    0.0, 
                    0.0, 
                    0.0, 
                    0.0001, 
                    0.0, 
                    0.0, 
                    0.0, 
                    0.0, 
                    0.0, 
                    0.0, 
                    0.0001, 
                    0.0, 
                    0.0, 
                    0.0, 
                    0.0, 
                    0.0, 
                    0.0, 
                    0.0001
                ]
            }, 
            "header": {
                "stamp": {
                    "secs": 715, 
                    "nsecs": 352000000
                }, 
                "frame_id": "map", 
                "seq": 70156
            }, 
            "pose": {
                "pose": {
                    "position": {
                        "y": 19.8265426835, 
                        "x": 10.5037390401, 
                        "z": -0.00101199727167
                    }, 
                    "orientation": {
                        "y": 0.00166665151604, 
                        "x": -1.53804958816e-05, 
                        "z": -0.00963680345609, 
                        "w": -0.999952175884
                    }
                }, 
                "covariance": [
                    0.0001, 
                    0.0, 
                    0.0, 
                    0.0, 
                    0.0, 
                    0.0, 
                    0.0, 
                    0.0001, 
                    0.0, 
                    0.0, 
                    0.0, 
                    0.0, 
                    0.0, 
                    0.0, 
                    0.0001, 
                    0.0, 
                    0.0, 
                    0.0, 
                    0.0, 
                    0.0, 
                    0.0, 
                    0.0001, 
                    0.0, 
                    0.0, 
                    0.0, 
                    0.0, 
                    0.0, 
                    0.0, 
                    0.0001, 
                    0.0, 
                    0.0, 
                    0.0, 
                    0.0, 
                    0.0, 
                    0.0, 
                    0.0001
                ]
            }, 
            "child_frame_id": ""
        }
    ], 
    "robot": [
        {
            "header": {
                "stamp": {
                    "secs": 715, 
                    "nsecs": 412000000
                }, 
                "frame_id": "/map", 
                "seq": 7142
            }, 
            "pose": {
                "position": {
                    "y": 19.3095156773, 
                    "x": 10.8511095337, 
                    "z": -0.00128418814347
                }, 
                "orientation": {
                    "y": 4.07125730543e-06, 
                    "x": 2.65565921225e-06, 
                    "z": -0.00629388872447, 
                    "w": 0.999980193274
                }
            }
        }
    ]
}