{
    "ground_truth": [
        {
            "twist": {
                "twist": {
                    "linear": {
                        "y": 0.0041251640299, 
                        "x": 0.00352711139817, 
                        "z": 0.00722611106479
                    }, 
                    "angular": {
                        "y": -0.00635216019865, 
                        "x": -0.0303918951102, 
                        "z": -0.00240077222877
                    }
                }, 
                "covariance": [
                    0.0001, 
                    0.0, 
                    0.0, 
                    0.0, 
                    0.0, 
                    0.0, 
                    0.0, 
                    0.0001, 
                    0.0, 
                    0.0, 
                    0.0, 
                    0.0, 
                    0.0, 
                    0.0, 
                    0.0001, 
                    0.0, 
                    0.0, 
                    0.0, 
                    0.0, 
                    0.0, 
                    0.0, 
                    0.0001, 
                    0.0, 
                    0.0, 
                    0.0, 
                    0.0, 
                    0.0, 
                    0.0, 
                    0.0001, 
                    0.0, 
                    0.0, 
                    0.0, 
                    0.0, 
                    0.0, 
                    0.0, 
                    0.0001
                ]
            }, 
            "header": {
                "stamp": {
                    "secs": 83, 
                    "nsecs": 439000000
                }, 
                "frame_id": "map", 
                "seq": 8336
            }, 
            "pose": {
                "pose": {
                    "position": {
                        "y": 20.6587535591, 
                        "x": 11.3887555919, 
                        "z": -0.00100000945096
                    }, 
                    "orientation": {
                        "y": 0.00117131653115, 
                        "x": 0.00118801350038, 
                        "z": 0.710564044244, 
                        "w": -0.703630553394
                    }
                }, 
                "covariance": [
                    0.0001, 
                    0.0, 
                    0.0, 
                    0.0, 
                    0.0, 
                    0.0, 
                    0.0, 
                    0.0001, 
                    0.0, 
                    0.0, 
                    0.0, 
                    0.0, 
                    0.0, 
                    0.0, 
                    0.0001, 
                    0.0, 
                    0.0, 
                    0.0, 
                    0.0, 
                    0.0, 
                    0.0, 
                    0.0001, 
                    0.0, 
                    0.0, 
                    0.0, 
                    0.0, 
                    0.0, 
                    0.0, 
                    0.0001, 
                    0.0, 
                    0.0, 
                    0.0, 
                    0.0, 
                    0.0, 
                    0.0, 
                    0.0001
                ]
            }, 
            "child_frame_id": ""
        }
    ], 
    "robot": [
        {
            "header": {
                "stamp": {
                    "secs": 83, 
                    "nsecs": 509000000
                }, 
                "frame_id": "/map", 
                "seq": 823
            }, 
            "pose": {
                "position": {
                    "y": 20.1577239511, 
                    "x": 11.7851219169, 
                    "z": -0.000456977027594
                }, 
                "orientation": {
                    "y": -0.000553959329778, 
                    "x": 0.000871356671187, 
                    "z": -0.711541997977, 
                    "w": 0.702642810382
                }
            }
        }
    ]
}