{
    "ground_truth": [
        {
            "twist": {
                "twist": {
                    "linear": {
                        "y": -0.0191655152209, 
                        "x": 0.002419431692, 
                        "z": 0.019530306718
                    }, 
                    "angular": {
                        "y": 0.00237348770792, 
                        "x": 0.0404877497601, 
                        "z": 0.00534596239982
                    }
                }, 
                "covariance": [
                    0.0001, 
                    0.0, 
                    0.0, 
                    0.0, 
                    0.0, 
                    0.0, 
                    0.0, 
                    0.0001, 
                    0.0, 
                    0.0, 
                    0.0, 
                    0.0, 
                    0.0, 
                    0.0, 
                    0.0001, 
                    0.0, 
                    0.0, 
                    0.0, 
                    0.0, 
                    0.0, 
                    0.0, 
                    0.0001, 
                    0.0, 
                    0.0, 
                    0.0, 
                    0.0, 
                    0.0, 
                    0.0, 
                    0.0001, 
                    0.0, 
                    0.0, 
                    0.0, 
                    0.0, 
                    0.0, 
                    0.0, 
                    0.0001
                ]
            }, 
            "header": {
                "stamp": {
                    "secs": 788, 
                    "nsecs": 312000000
                }, 
                "frame_id": "map", 
                "seq": 77452
            }, 
            "pose": {
                "pose": {
                    "position": {
                        "y": 21.5393233074, 
                        "x": 12.3538809901, 
                        "z": -0.00100018667265
                    }, 
                    "orientation": {
                        "y": 0.00114063730021, 
                        "x": -0.00121876081079, 
                        "z": -0.730610659687, 
                        "w": -0.682792265276
                    }
                }, 
                "covariance": [
                    0.0001, 
                    0.0, 
                    0.0, 
                    0.0, 
                    0.0, 
                    0.0, 
                    0.0, 
                    0.0001, 
                    0.0, 
                    0.0, 
                    0.0, 
                    0.0, 
                    0.0, 
                    0.0, 
                    0.0001, 
                    0.0, 
                    0.0, 
                    0.0, 
                    0.0, 
                    0.0, 
                    0.0, 
                    0.0001, 
                    0.0, 
                    0.0, 
                    0.0, 
                    0.0, 
                    0.0, 
                    0.0, 
                    0.0001, 
                    0.0, 
                    0.0, 
                    0.0, 
                    0.0, 
                    0.0, 
                    0.0, 
                    0.0001
                ]
            }, 
            "child_frame_id": ""
        }
    ], 
    "robot": [
        {
            "header": {
                "stamp": {
                    "secs": 788, 
                    "nsecs": 311000000
                }, 
                "frame_id": "/map", 
                "seq": 7871
            }, 
            "pose": {
                "position": {
                    "y": 20.9754992546, 
                    "x": 12.7283636413, 
                    "z": -0.00096542419785
                }, 
                "orientation": {
                    "y": -0.000299495315267, 
                    "x": -5.38058122079e-05, 
                    "z": 0.721796689564, 
                    "w": 0.692105083309
                }
            }
        }
    ]
}