{
    "ground_truth": [
        {
            "twist": {
                "twist": {
                    "linear": {
                        "y": -0.00193626716246,
                        "x": -0.0044739226065,
                        "z": -0.0235979487091
                    },
                    "angular": {
                        "y": 0.00102689811766,
                        "x": 0.0121893201268,
                        "z": -0.0224426486632
                    }
                },
                "covariance": [
                    0.0001,
                    0.0,
                    0.0,
                    0.0,
                    0.0,
                    0.0,
                    0.0,
                    0.0001,
                    0.0,
                    0.0,
                    0.0,
                    0.0,
                    0.0,
                    0.0,
                    0.0001,
                    0.0,
                    0.0,
                    0.0,
                    0.0,
                    0.0,
                    0.0,
                    0.0001,
                    0.0,
                    0.0,
                    0.0,
                    0.0,
                    0.0,
                    0.0,
                    0.0001,
                    0.0,
                    0.0,
                    0.0,
                    0.0,
                    0.0,
                    0.0,
                    0.0001
                ]
            },
            "header": {
                "stamp": {
                    "secs": 834,
                    "nsecs": 762000000
                },
                "frame_id": "map",
                "seq": 82097
            },
            "pose": {
                "pose": {
                    "position": {
                        "y": 18.7395006272,
                        "x": -0.85064528201,
                        "z": 0.0000000000000
                    },
                    "orientation": {
                        "y": 0.000578229608457,
                        "x": -0.00157895553421,
                        "z": -0.939705096606,
                        "w": -0.341981730451
                    }
                },
                "covariance": [
                    0.0001,
                    0.0,
                    0.0,
                    0.0,
                    0.0,
                    0.0,
                    0.0,
                    0.0001,
                    0.0,
                    0.0,
                    0.0,
                    0.0,
                    0.0,
                    0.0,
                    0.0001,
                    0.0,
                    0.0,
                    0.0,
                    0.0,
                    0.0,
                    0.0,
                    0.0001,
                    0.0,
                    0.0,
                    0.0,
                    0.0,
                    0.0,
                    0.0,
                    0.0001,
                    0.0,
                    0.0,
                    0.0,
                    0.0,
                    0.0,
                    0.0,
                    0.0001
                ]
            },
            "child_frame_id": ""
        }
    ],
    "robot": [
        {
            "header": {
                "stamp": {
                    "secs": 834,
                    "nsecs": 811000000
                },
                "frame_id": "/map",
                "seq": 8336
            },
            "pose": {
                "position": {
                    "y": 18.4801580452,
                    "x": -0.492569041648,
                    "z": 0.0000000000000
                },
                "orientation": {
                    "y": -0.000470882557089,
                    "x": 2.07270255925e-05,
                    "z": 0.936478370809,
                    "w": 0.350725018849
                }
            }
        }
    ]
}
