{
    "ground_truth": [
        {
            "twist": {
                "twist": {
                    "linear": {
                        "y": 0.00219363283065,
                        "x": 0.00987509017993,
                        "z": -0.00388679403192
                    },
                    "angular": {
                        "y": 0.0268264324817,
                        "x": -0.00702337026141,
                        "z": 0.00112672596779
                    }
                },
                "covariance": [
                    0.0001,
                    0.0,
                    0.0,
                    0.0,
                    0.0,
                    0.0,
                    0.0,
                    0.0001,
                    0.0,
                    0.0,
                    0.0,
                    0.0,
                    0.0,
                    0.0,
                    0.0001,
                    0.0,
                    0.0,
                    0.0,
                    0.0,
                    0.0,
                    0.0,
                    0.0001,
                    0.0,
                    0.0,
                    0.0,
                    0.0,
                    0.0,
                    0.0,
                    0.0001,
                    0.0,
                    0.0,
                    0.0,
                    0.0,
                    0.0,
                    0.0,
                    0.0001
                ]
            },
            "header": {
                "stamp": {
                    "secs": 851,
                    "nsecs": 752000000
                },
                "frame_id": "map",
                "seq": 83796
            },
            "pose": {
                "pose": {
                    "position": {
                        "y": 20.7753649561,
                        "x": -1.00231197026,
                        "z": 0.0000000000000
                    },
                    "orientation": {
                        "y": -3.07580880112e-05,
                        "x": -0.00167016002985,
                        "z": -0.999823096119,
                        "w": 0.0187346226682
                    }
                },
                "covariance": [
                    0.0001,
                    0.0,
                    0.0,
                    0.0,
                    0.0,
                    0.0,
                    0.0,
                    0.0001,
                    0.0,
                    0.0,
                    0.0,
                    0.0,
                    0.0,
                    0.0,
                    0.0001,
                    0.0,
                    0.0,
                    0.0,
                    0.0,
                    0.0,
                    0.0,
                    0.0001,
                    0.0,
                    0.0,
                    0.0,
                    0.0,
                    0.0,
                    0.0,
                    0.0001,
                    0.0,
                    0.0,
                    0.0,
                    0.0,
                    0.0,
                    0.0,
                    0.0001
                ]
            },
            "child_frame_id": ""
        }
    ],
    "robot": [
        {
            "header": {
                "stamp": {
                    "secs": 851,
                    "nsecs": 811000000
                },
                "frame_id": "/map",
                "seq": 8506
            },
            "pose": {
                "position": {
                    "y": 20.5296628367,
                    "x": -0.563250347875,
                    "z": 0.0000000000000
                },
                "orientation": {
                    "y": 0.00181449496312,
                    "x": 0.000639272728171,
                    "z": 0.999994517706,
                    "w": -0.0026950876197
                }
            }
        }
    ]
}
