{
    "ground_truth": [
        {
            "twist": {
                "twist": {
                    "linear": {
                        "y": 0.00203834549688, 
                        "x": 0.00355936714554, 
                        "z": 0.013863893289
                    }, 
                    "angular": {
                        "y": -0.0073996252592, 
                        "x": -0.0121533999655, 
                        "z": -0.00635461617404
                    }
                }, 
                "covariance": [
                    0.0001, 
                    0.0, 
                    0.0, 
                    0.0, 
                    0.0, 
                    0.0, 
                    0.0, 
                    0.0001, 
                    0.0, 
                    0.0, 
                    0.0, 
                    0.0, 
                    0.0, 
                    0.0, 
                    0.0001, 
                    0.0, 
                    0.0, 
                    0.0, 
                    0.0, 
                    0.0, 
                    0.0, 
                    0.0001, 
                    0.0, 
                    0.0, 
                    0.0, 
                    0.0, 
                    0.0, 
                    0.0, 
                    0.0001, 
                    0.0, 
                    0.0, 
                    0.0, 
                    0.0, 
                    0.0, 
                    0.0, 
                    0.0001
                ]
            }, 
            "header": {
                "stamp": {
                    "secs": 875, 
                    "nsecs": 902000000
                }, 
                "frame_id": "map", 
                "seq": 86211
            }, 
            "pose": {
                "pose": {
                    "position": {
                        "y": 23.7946624585, 
                        "x": -3.45155164343, 
                        "z": -0.00100018930683
                    }, 
                    "orientation": {
                        "y": -0.00119107665563, 
                        "x": -0.00116990125841, 
                        "z": -0.700201875351, 
                        "w": 0.713942957401
                    }
                }, 
                "covariance": [
                    0.0001, 
                    0.0, 
                    0.0, 
                    0.0, 
                    0.0, 
                    0.0, 
                    0.0, 
                    0.0001, 
                    0.0, 
                    0.0, 
                    0.0, 
                    0.0, 
                    0.0, 
                    0.0, 
                    0.0001, 
                    0.0, 
                    0.0, 
                    0.0, 
                    0.0, 
                    0.0, 
                    0.0, 
                    0.0001, 
                    0.0, 
                    0.0, 
                    0.0, 
                    0.0, 
                    0.0, 
                    0.0, 
                    0.0001, 
                    0.0, 
                    0.0, 
                    0.0, 
                    0.0, 
                    0.0, 
                    0.0, 
                    0.0001
                ]
            }, 
            "child_frame_id": ""
        }
    ], 
    "robot": [
        {
            "header": {
                "stamp": {
                    "secs": 875, 
                    "nsecs": 911000000
                }, 
                "frame_id": "/map", 
                "seq": 8747
            }, 
            "pose": {
                "position": {
                    "y": 23.5644809627, 
                    "x": -2.93027625123, 
                    "z": -0.00178715263134
                }, 
                "orientation": {
                    "y": 0.000739019739659, 
                    "x": -0.000359590643418, 
                    "z": -0.710103010683, 
                    "w": 0.70409732194
                }
            }
        }
    ]
}