{
    "ground_truth": [
        {
            "twist": {
                "twist": {
                    "linear": {
                        "y": 0.00437702639228,
                        "x": 0.00586967919447,
                        "z": -0.0381689351248
                    },
                    "angular": {
                        "y": -0.0212505312166,
                        "x": -0.0144097347822,
                        "z": -0.000775499645413
                    }
                },
                "covariance": [
                    0.0001,
                    0.0,
                    0.0,
                    0.0,
                    0.0,
                    0.0,
                    0.0,
                    0.0001,
                    0.0,
                    0.0,
                    0.0,
                    0.0,
                    0.0,
                    0.0,
                    0.0001,
                    0.0,
                    0.0,
                    0.0,
                    0.0,
                    0.0,
                    0.0,
                    0.0001,
                    0.0,
                    0.0,
                    0.0,
                    0.0,
                    0.0,
                    0.0,
                    0.0001,
                    0.0,
                    0.0,
                    0.0,
                    0.0,
                    0.0,
                    0.0,
                    0.0001
                ]
            },
            "header": {
                "stamp": {
                    "secs": 904,
                    "nsecs": 642000000
                },
                "frame_id": "map",
                "seq": 89085
            },
            "pose": {
                "pose": {
                    "position": {
                        "y": 19.1635754094,
                        "x": -7.00228162374,
                        "z": 0.0000000000000
                    },
                    "orientation": {
                        "y": 0.00166786210606,
                        "x": 1.28473602133e-05,
                        "z": 0.00487801529371,
                        "w": -0.999986711431
                    }
                },
                "covariance": [
                    0.0001,
                    0.0,
                    0.0,
                    0.0,
                    0.0,
                    0.0,
                    0.0,
                    0.0001,
                    0.0,
                    0.0,
                    0.0,
                    0.0,
                    0.0,
                    0.0,
                    0.0001,
                    0.0,
                    0.0,
                    0.0,
                    0.0,
                    0.0,
                    0.0,
                    0.0001,
                    0.0,
                    0.0,
                    0.0,
                    0.0,
                    0.0,
                    0.0,
                    0.0001,
                    0.0,
                    0.0,
                    0.0,
                    0.0,
                    0.0,
                    0.0,
                    0.0001
                ]
            },
            "child_frame_id": ""
        }
    ],
    "robot": [
        {
            "header": {
                "stamp": {
                    "secs": 904,
                    "nsecs": 711000000
                },
                "frame_id": "/map",
                "seq": 9035
            },
            "pose": {
                "position": {
                    "y": 19.137480549,
                    "x": -6.5583187642,
                    "z": 0.0000000000000
                },
                "orientation": {
                    "y": 2.96925830823e-06,
                    "x": -3.11904401491e-05,
                    "z": -0.0190379868988,
                    "w": 0.999818760613
                }
            }
        }
    ]
}
