{
    "ground_truth": [
        {
            "twist": {
                "twist": {
                    "linear": {
                        "y": -0.00327515682365, 
                        "x": -0.00845101142413, 
                        "z": 0.00676287789681
                    }, 
                    "angular": {
                        "y": 0.00982033486782, 
                        "x": -0.0186824421189, 
                        "z": 0.0227944757844
                    }
                }, 
                "covariance": [
                    0.0001, 
                    0.0, 
                    0.0, 
                    0.0, 
                    0.0, 
                    0.0, 
                    0.0, 
                    0.0001, 
                    0.0, 
                    0.0, 
                    0.0, 
                    0.0, 
                    0.0, 
                    0.0, 
                    0.0001, 
                    0.0, 
                    0.0, 
                    0.0, 
                    0.0, 
                    0.0, 
                    0.0, 
                    0.0001, 
                    0.0, 
                    0.0, 
                    0.0, 
                    0.0, 
                    0.0, 
                    0.0, 
                    0.0001, 
                    0.0, 
                    0.0, 
                    0.0, 
                    0.0, 
                    0.0, 
                    0.0, 
                    0.0001
                ]
            }, 
            "header": {
                "stamp": {
                    "secs": 934, 
                    "nsecs": 422000000
                }, 
                "frame_id": "map", 
                "seq": 92063
            }, 
            "pose": {
                "pose": {
                    "position": {
                        "y": 21.1413370692, 
                        "x": -5.98302131147, 
                        "z": -0.00100876375047
                    }, 
                    "orientation": {
                        "y": -0.00117653218506, 
                        "x": -0.00118682325059, 
                        "z": -0.708085532302, 
                        "w": 0.706124695905
                    }
                }, 
                "covariance": [
                    0.0001, 
                    0.0, 
                    0.0, 
                    0.0, 
                    0.0, 
                    0.0, 
                    0.0, 
                    0.0001, 
                    0.0, 
                    0.0, 
                    0.0, 
                    0.0, 
                    0.0, 
                    0.0, 
                    0.0001, 
                    0.0, 
                    0.0, 
                    0.0, 
                    0.0, 
                    0.0, 
                    0.0, 
                    0.0001, 
                    0.0, 
                    0.0, 
                    0.0, 
                    0.0, 
                    0.0, 
                    0.0, 
                    0.0001, 
                    0.0, 
                    0.0, 
                    0.0, 
                    0.0, 
                    0.0, 
                    0.0, 
                    0.0001
                ]
            }, 
            "child_frame_id": ""
        }
    ], 
    "robot": [
        {
            "header": {
                "stamp": {
                    "secs": 934, 
                    "nsecs": 411000000
                }, 
                "frame_id": "/map", 
                "seq": 9332
            }, 
            "pose": {
                "position": {
                    "y": 21.0909978613, 
                    "x": -5.51619690594, 
                    "z": -0.000945393566557
                }, 
                "orientation": {
                    "y": 6.26324121103e-05, 
                    "x": 2.03395003375e-05, 
                    "z": -0.705796213068, 
                    "w": 0.708414921696
                }
            }
        }
    ]
}